time_ms,signal_V
1.300010400000000175e+02,3.172958740828901725e-03
1.300071599999999989e+02,2.124018591087573071e-03
1.300132800000000088e+02,2.441603809979292494e-03
1.300194000000000187e+02,2.198366800191225989e-03
1.300255200000000002e+02,2.927460689154504081e-03
1.300316400000000101e+02,2.636850978405103074e-03
1.300377599999999916e+02,2.441603809979292494e-03
1.300438800000000015e+02,2.347730884035198473e-03
1.300500000000000114e+02,2.717878553299912792e-03
1.300561199999999928e+02,2.333087346403389661e-03
1.300622400000000027e+02,1.999060403296476496e-03
1.300683599999999842e+02,2.654423223562518697e-03
1.300744799999999941e+02,2.174937139979293832e-03
1.300806000000000040e+02,1.659176055139321981e-03
1.300867199999999855e+02,3.223723004618872512e-03
1.300928399999999954e+02,2.727486626620562182e-03
1.300989600000000053e+02,3.197210351781776261e-03
1.301050800000000152e+02,2.385649796776051490e-03
1.301111999999999966e+02,2.747987579305416483e-03
1.301173200000000065e+02,2.616041455517609249e-03
1.301234400000000164e+02,2.367101315776276582e-03
1.301295599999999979e+02,2.451211883299914129e-03
1.301356800000000078e+02,2.984545223299911454e-03
1.301417999999999893e+02,2.207974873511764358e-03
1.301479199999999992e+02,2.439188492993626944e-03
1.301540400000000091e+02,2.503774333673075558e-03
1.301601599999999905e+02,2.339458151995432722e-03
1.301662800000000004e+02,2.210749305936371423e-03
1.301723999999999819e+02,2.299895327771250830e-03
1.301785199999999918e+02,2.156234373878240795e-03
1.301846400000000017e+02,2.460819956620563520e-03
1.301907599999999832e+02,2.391507211830484758e-03
1.301968799999999931e+02,3.110479646931535447e-03
1.302030000000000030e+02,3.265392575629993965e-03
1.302091200000000129e+02,2.483119105889081135e-03
1.302152400000000227e+02,2.500845626146164236e-03
1.302213600000000042e+02,2.460819956620563520e-03
1.302274800000000141e+02,1.745906759985010881e-03
1.302335999999999956e+02,2.338790476355018244e-03
1.302397200000000055e+02,2.587730616096461933e-03
1.302458400000000154e+02,2.737094699941211573e-03
1.302519599999999969e+02,3.003761369941210235e-03
1.302580800000000067e+02,3.270428039941208898e-03
1.302641999999999882e+02,2.470428039941213738e-03
1.302703199999999981e+02,2.470428039941213738e-03
1.302764399999999796e+02,2.442939151259981845e-03
1.302825599999999895e+02,2.801526265521714354e-03
1.302886799999999994e+02,1.937094699941216414e-03
1.302947999999999809e+02,2.737094699941211573e-03
1.303009199999999908e+02,2.340588672939375448e-03
1.303070400000000006e+02,2.029991390043284216e-03
1.303131600000000105e+02,2.395257880097562131e-03
1.303192800000000204e+02,2.023157739151848489e-03
1.303254000000000019e+02,2.767203735946605070e-03
1.303315200000000118e+02,3.282810535687546993e-03
1.303376399999999933e+02,2.514204367736611045e-03
1.303437600000000032e+02,2.213369443261836711e-03
1.303498800000000131e+02,2.213369443261836711e-03
1.303559999999999945e+02,2.319933435153798129e-03
1.303621200000000044e+02,2.737094699941211573e-03
1.303682399999999859e+02,2.414628311838473707e-03
1.303743599999999958e+02,2.600113121843938835e-03
1.303804800000000057e+02,2.038623227522379233e-03
1.303865999999999872e+02,2.779740516793249849e-03
1.303927199999999971e+02,3.295347326535219556e-03
1.303988399999999785e+02,3.054217073531179105e-03
1.304049599999999884e+02,2.756310856582455671e-03
1.304110800000000268e+02,2.756310856582455671e-03
1.304172000000000082e+02,2.489644186582457008e-03
1.304233200000000181e+02,2.620614074526517179e-03
1.304294399999999996e+02,2.213369443261836711e-03
1.304355600000000095e+02,2.294397018158172985e-03
1.304416799999999910e+02,2.489644186582457008e-03
1.304478000000000009e+02,2.516002554319274331e-03
1.304539200000000108e+02,2.498276024062245915e-03
1.304600399999999922e+02,2.784621696004130342e-03
1.304661600000000021e+02,2.269014886262299413e-03
1.304722799999999836e+02,2.139997470001347990e-03
1.304783999999999935e+02,2.222977516582430590e-03
1.304845200000000034e+02,2.500228495746187329e-03
1.304906399999999849e+02,2.364236107222111860e-03
1.304967599999999948e+02,2.499252259903078643e-03
1.305028799999999762e+02,2.709297251060921452e-03
1.305089999999999861e+02,2.252264591845049013e-03
1.305151200000000244e+02,2.499252259903078643e-03
1.305212400000000059e+02,2.765918929903105061e-03
1.305273600000000158e+02,2.765918929903105061e-03
1.305334799999999973e+02,2.303028855636463090e-03
1.305396000000000072e+02,2.391866317270063824e-03
1.305457200000000171e+02,2.199252249903083101e-03
1.305518399999999986e+02,3.032585599903103724e-03
1.305579600000000084e+02,2.199252249903083101e-03
1.305640799999999899e+02,2.825469316272338771e-03
1.305701999999999998e+02,2.775527003223726696e-03
1.305763200000000097e+02,2.460883455590756608e-03
1.305824399999999912e+02,2.014063046371417087e-03
1.305885600000000011e+02,2.626162919380697902e-03
1.305946799999999826e+02,2.009708211431204816e-03
1.306007999999999925e+02,2.104403088116629794e-03
1.306069199999999739e+02,2.353343227856824482e-03
1.306130400000000122e+02,2.485135066544352789e-03
1.306191600000000221e+02,3.051801746544346994e-03
1.306252800000000036e+02,2.422655972648707356e-03
1.306314000000000135e+02,2.440382502905957818e-03
1.306375199999999950e+02,2.773728816640008699e-03
1.306436400000000049e+02,2.456002276380903071e-03
1.306497600000000148e+02,1.979444900324645040e-03
1.306558799999999962e+02,2.903413898539902727e-03
1.306620000000000061e+02,3.051801746544346994e-03
1.306681199999999876e+02,2.485135066544352789e-03
1.306742399999999975e+02,2.098391387963416399e-03
1.306803600000000074e+02,2.301602728225632388e-03
1.306864799999999889e+02,2.986393945123039240e-03
1.306925999999999988e+02,2.246933521066390993e-03
1.306987199999999802e+02,2.218468396544354126e-03
1.307048399999999901e+02,2.751801736544351451e-03
1.307109600000000000e+02,2.485135066544352789e-03
1.307170800000000099e+02,2.485135066544352789e-03
1.307232000000000198e+02,2.929476659810859029e-03
1.307293200000000013e+02,2.344402820178281832e-03
1.307354400000000112e+02,2.218468396544354126e-03
1.307415599999999927e+02,2.389463954016540770e-03
1.307476800000000026e+02,2.010530162172119439e-03
1.307538000000000125e+02,2.526136971913922613e-03
1.307599199999999939e+02,2.494743139864974424e-03
1.307660400000000038e+02,1.694743129864978437e-03
1.307721599999999853e+02,2.228076469864975762e-03
1.307782799999999952e+02,2.286804905492739737e-03
1.307844000000000051e+02,2.485135066544352789e-03
1.307905199999999866e+02,2.218468396544354126e-03
1.307966399999999965e+02,2.344402820177671209e-03
1.308027599999999779e+02,2.396143319811278039e-03
1.308088799999999878e+02,2.218468396544354126e-03
1.308149999999999977e+02,2.572996292335288926e-03
1.308211200000000076e+02,2.787613892501483726e-03
1.308272400000000175e+02,2.503220692243457446e-03
1.308333599999999990e+02,2.809091081028280978e-03
1.308394800000000089e+02,3.248551495084961438e-03
1.308456000000000188e+02,2.680227949866498260e-03
1.308517200000000003e+02,2.761409809864973086e-03
1.308578400000000101e+02,2.752469402185930836e-03
1.308639599999999916e+02,2.577568901346222185e-03
1.308700800000000015e+02,2.376464317867754694e-03
1.308762000000000114e+02,2.780625956506271867e-03
1.308823199999999929e+02,2.800150673348017483e-03
1.308884400000000028e+02,3.049090813089988528e-03
1.308945599999999843e+02,2.041306853821173162e-03
1.309006799999999942e+02,2.718146862610598680e-03
1.309067999999999756e+02,1.874370524817009498e-03
1.309129199999999855e+02,2.387202912130598209e-03
1.309190399999999954e+02,1.971017873185654246e-03
1.309251600000000053e+02,1.971017873185654246e-03
1.309312800000000152e+02,1.893895241657200801e-03
1.309373999999999967e+02,2.060985855762254015e-03
1.309435200000000066e+02,2.513959286506273205e-03
1.309496400000000165e+02,3.047292626506270530e-03
1.309557599999999979e+02,2.224684917036229281e-03
1.309618800000000078e+02,2.090118645924649021e-03
1.309679999999999893e+02,1.971017873185654246e-03
1.309741199999999992e+02,2.666406362978296363e-03
1.309802400000000091e+02,2.516733708933155400e-03
1.309863599999999906e+02,2.851736887881511917e-03
1.309924800000000005e+02,2.247292616506274543e-03
1.309985999999999819e+02,2.566676021979880096e-03
1.310047199999999918e+02,2.256900699826924761e-03
1.310108400000000017e+02,2.790234029826921258e-03
1.310169599999999832e+02,2.256900699826924761e-03
1.310230799999999931e+02,2.523567359826922596e-03
1.310292000000000030e+02,2.405597108031731768e-03
1.310353200000000129e+02,2.300985587822795830e-03
1.310414400000000228e+02,2.523567359826922596e-03
1.310475600000000043e+02,2.413252709666829920e-03
1.310536800000000142e+02,2.247292616506274543e-03
1.310597999999999956e+02,2.036271399506739410e-03
1.310659200000000055e+02,2.228589860405250089e-03
1.310720399999999870e+02,2.249245088187912245e-03
1.310781599999999969e+02,2.747125367673936003e-03
1.310842800000000068e+02,2.577260331143194083e-03
1.310903999999999883e+02,2.914061696675546154e-03
1.310965199999999982e+02,2.473625056778311349e-03
1.311026399999999796e+02,2.523567359826922596e-03
1.311087599999999895e+02,2.863297432882883076e-03
1.311148799999999994e+02,3.094665327467882587e-03
1.311209999999999809e+02,2.256900699826924761e-03
1.311271200000000192e+02,2.288140246775649533e-03
1.311332400000000007e+02,2.540985329883338473e-03
1.311393600000000106e+02,3.038865609367280562e-03
1.311454800000000205e+02,2.101370630726434596e-03
1.311516000000000020e+02,2.136823691244793544e-03
1.311577200000000119e+02,2.055641831250287765e-03
1.311638399999999933e+02,2.410015441939306058e-03
1.311699600000000032e+02,2.542783516468194449e-03
1.311760800000000131e+02,2.987279384834923279e-03
1.311821999999999946e+02,1.999842103147575489e-03
1.311883200000000045e+02,2.266508773147574152e-03
1.311944399999999860e+02,1.999842103147575489e-03
1.312005599999999959e+02,2.533175443147572814e-03
1.312066800000000057e+02,2.266508773147574152e-03
1.312127999999999872e+02,1.532070849670580381e-03
1.312189199999999971e+02,1.630670669724831878e-03
1.312250399999999786e+02,2.146277479465219518e-03
1.312311600000000169e+02,2.542783516468194449e-03
1.312372799999999984e+02,2.634549685627346483e-03
1.312434000000000083e+02,3.021293364208310628e-03
1.312495200000000182e+02,2.354947890200437266e-03
1.312556399999999996e+02,3.089597613786021491e-03
1.312617600000000095e+02,2.062719540855406652e-03
1.312678799999999910e+02,2.186303148991042278e-03
1.312740000000000009e+02,2.276116846468195787e-03
1.312801200000000108e+02,2.186148863892761751e-03
1.312862399999999923e+02,1.869694165944124631e-03
1.312923600000000022e+02,2.002096150316434731e-03
1.312984799999999836e+02,3.023335607200333675e-03
1.313045999999999935e+02,2.285724919788817422e-03
1.313107200000000034e+02,3.085724929788813409e-03
1.313168399999999849e+02,2.285724919788817422e-03
1.313229599999999948e+02,2.285724919788817422e-03
1.313290799999999763e+02,2.549308593866594919e-03
1.313352000000000146e+02,2.630368426702944795e-03
1.313413200000000245e+02,2.019058249788818760e-03
1.313474400000000060e+02,2.819058259788814746e-03
1.313535600000000159e+02,2.285724919788817422e-03
1.313596799999999973e+02,2.128884780654677344e-03
1.313658000000000072e+02,1.984125559915533854e-03
1.313719200000000171e+02,2.285724919788817422e-03
1.313780399999999986e+02,2.285724919788817422e-03
1.313841600000000085e+02,2.019058249788818760e-03
1.313902799999999900e+02,2.552603389793378641e-03
1.313963999999999999e+02,2.329867332139412550e-03
1.314025199999999813e+02,2.863200672139409875e-03
1.314086399999999912e+02,2.485088831036486035e-03
1.314147600000000011e+02,1.944921840142166403e-03
1.314208799999999826e+02,2.430419623877494439e-03
1.314269999999999925e+02,2.532924387300961033e-03
1.314331199999999740e+02,2.375750416717864466e-03
1.314392400000000123e+02,2.833393223594105059e-03
1.314453600000000222e+02,2.037728760145351981e-03
1.314514800000000037e+02,2.769539550042665610e-03
1.314576000000000136e+02,2.669597405197454698e-03
1.314637199999999950e+02,2.606142075460060603e-03
1.314698400000000049e+02,2.270072889032803687e-03
1.314759600000000148e+02,1.752391579788820097e-03
1.314820799999999963e+02,2.238955371771128577e-03
1.314882000000000062e+02,2.072808735460063279e-03
1.314943199999999877e+02,2.072808735460063279e-03
1.315004399999999976e+02,2.584664886933318861e-03
1.315065600000000074e+02,2.069058077192403866e-03
1.315126799999999889e+02,2.063200662139413888e-03
1.315187999999999988e+02,2.494696904355969691e-03
1.315249199999999803e+02,1.894003291251750154e-03
1.315310399999999902e+02,2.445063161510052652e-03
1.315371600000000001e+02,2.064022612881188934e-03
1.315432800000000100e+02,1.869597395197181156e-03
1.315494000000000199e+02,1.954684198564204944e-03
1.315555200000000013e+02,2.030676309148132797e-03
1.315616400000000112e+02,2.654953867567672043e-03
1.315677599999999927e+02,2.619500807047259183e-03
1.315738800000000026e+02,1.866668687671518834e-03
1.315800000000000125e+02,2.072808735460063279e-03
1.315861199999999940e+02,2.530817630515352912e-03
1.315922400000000039e+02,2.779757770257323957e-03
1.315983599999999853e+02,2.085345516307762770e-03
1.316044799999999952e+02,1.806142065460064616e-03
1.316106000000000051e+02,1.621479206198372935e-03
1.316167199999999866e+02,2.670419355938952188e-03
1.316228399999999965e+02,2.276687741365024387e-03
1.316289599999999780e+02,2.063200662139413888e-03
1.316350799999999879e+02,2.276687741362248829e-03
1.316412000000000262e+02,2.182147149774715800e-03
1.316473200000000077e+02,1.733746328042767848e-03
1.316534400000000176e+02,2.149622796786654355e-03
1.316595599999999990e+02,2.634966295422008775e-03
1.316656800000000089e+02,2.901632965422007437e-03
1.316718000000000188e+02,2.465101258891239100e-03
1.316779200000000003e+02,1.549083468780715345e-03
1.316840400000000102e+02,1.846013449886441116e-03
1.316901599999999917e+02,2.361620259627245089e-03
1.316962800000000016e+02,2.610560399369243889e-03
1.317024000000000115e+02,2.143765381732776198e-03
1.317085199999999929e+02,1.894825241992775799e-03
1.317146400000000028e+02,2.252281845310316610e-03
1.317207599999999843e+02,2.501221985050511298e-03
1.317268799999999942e+02,2.519770466052034807e-03
1.317329999999999757e+02,2.004163656311230834e-03
1.317391199999999856e+02,1.670136713203124179e-03
1.317452400000000239e+02,1.801632955421988980e-03
1.317513600000000054e+02,2.368299625422010113e-03
1.317574800000000153e+02,2.368299625422010113e-03
1.317635999999999967e+02,2.140836674207058365e-03
1.317697200000000066e+02,1.725486559736977288e-03
1.317758400000000165e+02,1.801632955421988980e-03
1.317819599999999980e+02,2.247092095898212127e-03
1.317880800000000079e+02,2.408325294948610029e-03
1.317941999999999894e+02,1.734568278784182072e-03
1.318003199999999993e+02,1.739449457995534409e-03
1.318064400000000091e+02,1.666758124107742267e-03
1.318125599999999906e+02,1.583406008354382166e-03
1.318186800000000005e+02,2.828106707059047098e-03
1.318247999999999820e+02,2.193399124583467197e-03
1.318309199999999919e+02,1.395518845099502636e-03
1.318370400000000018e+02,2.167195041945846334e-03
1.318431599999999833e+02,2.250020803424124249e-03
1.318492800000000216e+02,2.077907698742609277e-03
1.318554000000000030e+02,1.623803747054841651e-03
1.318615200000000129e+02,2.158408919366083811e-03
1.318676399999999944e+02,2.407349059107610767e-03
1.318737600000000043e+02,2.366192868636735058e-03
1.318798800000000142e+02,2.117252728895763214e-03
1.318859999999999957e+02,1.768286651688932842e-03
1.318921200000000056e+02,1.605255266055177765e-03
1.318982399999999870e+02,1.980284114529301531e-03
1.319043599999999969e+02,1.659924473213947316e-03
1.319104800000000068e+02,2.225614907371969986e-03
1.319165999999999883e+02,1.714593680372827889e-03
1.319227199999999982e+02,1.870945700212317542e-03
1.319288399999999797e+02,1.769262887532263573e-03
1.319349599999999896e+02,1.564253360683554028e-03
1.319410799999999995e+02,2.062133640169550031e-03
1.319471999999999809e+02,1.851266698270209732e-03
1.319533200000000193e+02,1.811241028742610615e-03
1.319594400000000007e+02,1.544574358742611953e-03
1.319655600000000106e+02,1.811241028742610615e-03
1.319716800000000205e+02,1.684330369266157090e-03
1.319778000000000020e+02,1.534966285421990317e-03
1.319839200000000119e+02,1.534966285421990317e-03
1.319900399999999934e+02,1.403020161634266350e-03
1.319961600000000033e+02,2.044407109910495457e-03
1.320022800000000132e+02,2.930920040684598105e-03
1.320083999999999946e+02,1.213321838061859337e-03
1.320145200000000045e+02,1.609005924321976755e-03
1.320206399999999860e+02,1.360065784581920845e-03
1.320267599999999959e+02,1.315980886585271792e-03
1.320328799999999774e+02,1.417355129064545860e-03
1.320389999999999873e+02,1.727952411961886092e-03
1.320451199999999972e+02,1.896019261906606301e-03
1.320512399999999786e+02,1.782621619120572376e-03
1.320573600000000170e+02,1.554182432063233588e-03
1.320634799999999984e+02,1.820849102063232250e-03
1.320696000000000083e+02,1.020849092063236263e-03
1.320757200000000182e+02,1.554182432063233588e-03
1.320818399999999997e+02,1.554182432063233588e-03
1.320879600000000096e+02,1.980951780171963383e-03
1.320940799999999911e+02,1.963225249912214920e-03
1.321002000000000010e+02,2.057098175857280387e-03
1.321063200000000109e+02,1.622673226113008349e-03
1.321124399999999923e+02,1.604946695853648464e-03
1.321185600000000022e+02,2.143983165805440905e-03
1.321246799999999837e+02,2.375196775287080619e-03
1.321307999999999936e+02,2.383006662025149991e-03
1.321369200000000035e+02,2.165306069232042496e-03
1.321430399999999850e+02,2.106731918704529694e-03
1.321491599999999949e+02,2.106731918704529694e-03
1.321552800000000047e+02,2.106731918704529694e-03
1.321614000000000146e+02,1.731703070228379771e-03
1.321675200000000245e+02,1.668402025589599269e-03
1.321736400000000060e+02,7.982673200593592977e-04
1.321797600000000159e+02,1.606899167541031570e-03
1.321858799999999974e+02,2.104779447020588279e-03
1.321920000000000073e+02,1.592101344805557650e-03
1.321981199999999887e+02,1.563790505383882978e-03
1.322042399999999986e+02,2.023751872123447093e-03
1.322103600000000085e+02,2.373398588704528356e-03
1.322164799999999900e+02,1.434773089123209111e-03
1.322225999999999999e+02,1.408414721385947699e-03
1.322287199999999814e+02,2.106731918704529694e-03
1.322348399999999913e+02,1.250110229862072542e-03
1.322409600000000012e+02,1.622364655911395781e-03
1.322470799999999826e+02,1.583006652025154004e-03
1.322531999999999925e+02,2.116339992025151329e-03
1.322593200000000024e+02,2.073231329871472184e-03
1.322654400000000123e+02,1.733501256810932034e-03
1.322715600000000222e+02,2.275620719392579261e-03
1.322776800000000037e+02,1.974785794917360837e-03
1.322838000000000136e+02,1.306731908704533707e-03
1.322899199999999951e+02,1.660283568653470043e-03
1.322960400000000050e+02,2.056789605655667819e-03
1.323021600000000149e+02,1.104496804285926004e-03
1.323082799999999963e+02,2.921066896135943169e-03
1.323144000000000062e+02,1.605460076393977475e-03
1.323205199999999877e+02,2.076160037397162261e-03
1.323266399999999976e+02,1.926795953552440377e-03
1.323327600000000075e+02,1.754824160239115693e-03
1.323388799999999890e+02,1.981465160712070350e-03
1.323449999999999989e+02,1.615376719916045145e-03
1.323511199999999803e+02,1.743417900332028259e-03
1.323572399999999902e+02,2.116339992025151329e-03
1.323633600000000001e+02,1.512717671391966556e-03
1.323694800000000100e+02,1.320553495594678495e-03
1.323756000000000199e+02,1.800707244820592967e-03
1.323817200000000014e+02,1.667117219549540952e-03
1.323878400000000113e+02,1.508812728024638838e-03
1.323939599999999928e+02,1.757752867765027815e-03
1.324000800000000027e+02,1.445203113185022925e-03
1.324062000000000126e+02,1.969750330606756528e-03
1.324123199999999940e+02,1.766538990344651561e-03
1.324184400000000039e+02,1.648414453447627492e-03
1.324245599999999854e+02,1.897354593188294025e-03
1.324306799999999953e+02,2.114078950140735325e-03
1.324368000000000052e+02,1.616198670656793235e-03
1.324429199999999867e+02,2.546705713297237050e-03
1.324490399999999966e+02,1.796802301451544404e-03
1.324551599999999780e+02,1.316339982025155342e-03
1.324612799999999879e+02,2.266680311711843920e-03
1.324674000000000262e+02,1.736275679237120340e-03
1.324735200000000077e+02,1.583006652025154004e-03
1.324796400000000176e+02,1.384676490974429131e-03
1.324857599999999991e+02,1.941285206083276371e-03
1.324918800000000090e+02,2.398163580196066569e-03
1.324979999999999905e+02,2.682556780456285539e-03
1.325041200000000003e+02,1.868889468666423692e-03
1.325102400000000102e+02,2.076827703038686135e-03
1.325163599999999917e+02,2.145164211987071745e-03
1.325224800000000016e+02,1.305292817560588237e-03
1.325285999999999831e+02,1.844483572612631850e-03
1.325347199999999930e+02,2.046564391932959026e-03
1.325408400000000029e+02,2.473488025141606927e-03
1.325469599999999843e+02,1.790636316198107592e-03
1.325530799999999942e+02,1.359140073977443963e-03
1.325591999999999757e+02,2.657020363459078327e-03
1.325653199999999856e+02,2.202094461031089967e-03
1.325714400000000239e+02,1.270148327245396169e-03
1.325775600000000054e+02,1.602222798666425030e-03
1.325836800000000153e+02,1.602222798666425030e-03
1.325897999999999968e+02,2.264419269826289938e-03
1.325959200000000067e+02,2.411830881987070407e-03
1.326020400000000166e+02,1.804303617984864827e-03
1.326081599999999980e+02,2.276134098173870912e-03
1.326142800000000079e+02,2.125330915314610492e-03
1.326203999999999894e+02,1.894117315170334992e-03
1.326265199999999993e+02,2.894091378954494198e-03
1.326326400000000092e+02,2.217251368842571013e-03
1.326387599999999907e+02,2.501644576094280703e-03
1.326448800000000006e+02,2.570957318285910231e-03
1.326509999999999820e+02,1.624521932518052658e-03
1.326571199999999919e+02,1.648927830070617828e-03
1.326632400000000018e+02,2.122556495047667191e-03
1.326693599999999833e+02,1.158857441240723762e-03
1.326754800000000216e+02,2.145164211987071745e-03
1.326816000000000031e+02,1.878497541987073083e-03
1.326877200000000130e+02,1.878497541987073083e-03
1.326938399999999945e+02,1.778612907762211481e-03
1.326999600000000044e+02,2.052267518625222609e-03
1.327060800000000143e+02,2.202607835496278588e-03
1.327121999999999957e+02,2.164380348268046816e-03
1.327183200000000056e+02,2.482941807027572167e-03
1.327244399999999871e+02,2.065112872933871913e-03
1.327305599999999970e+02,1.654939534140947854e-03
1.327366800000000069e+02,1.878497541987073083e-03
1.327427999999999884e+02,1.878497541987073083e-03
1.327489199999999983e+02,2.372472868838793048e-03
1.327550399999999797e+02,2.164380348268046816e-03
1.327611599999999896e+02,2.164380348268046816e-03
1.327672799999999995e+02,2.697713688268044141e-03
1.327734000000000094e+02,2.697713688268044141e-03
1.327795200000000193e+02,1.897713678268048154e-03
1.327856400000000008e+02,2.164380348268046816e-03
1.327917600000000107e+02,2.431047018268045479e-03
1.327978800000000206e+02,2.431047018268045479e-03
1.328040000000000020e+02,2.164380348268046816e-03
1.328101200000000119e+02,1.897713678268048154e-03
1.328162399999999934e+02,2.637366616487557547e-03
1.328223600000000033e+02,2.141316777485968714e-03
1.328284799999999848e+02,1.354772264947401439e-03
1.328345999999999947e+02,2.186833774876550951e-03
1.328407200000000046e+02,2.081123989704530830e-03
1.328468399999999860e+02,2.697713688268044141e-03
1.328529599999999959e+02,1.897713678268048154e-03
1.328590799999999774e+02,1.631047008268049492e-03
1.328651999999999873e+02,1.897713678268048154e-03
1.328713199999999972e+02,1.897713678268048154e-03
1.328774400000000071e+02,1.351412961334730323e-03
1.328835600000000170e+02,1.520732359351101293e-03
1.328896799999999985e+02,1.525613537318282198e-03
1.328958000000000084e+02,1.897713678268048154e-03
1.329019200000000183e+02,2.561740593484268524e-03
1.329080399999999997e+02,2.297360230207018406e-03
1.329141600000000096e+02,2.354103937076468256e-03
1.329202799999999911e+02,2.236987889440933408e-03
1.329264000000000010e+02,2.470276002956489636e-03
1.329325200000000109e+02,1.674611532973047101e-03
1.329386399999999924e+02,2.649813623548102903e-03
1.329447600000000023e+02,2.283692928468056271e-03
1.329508799999999837e+02,2.115626078152743617e-03
1.329569999999999936e+02,2.338362135422433763e-03
1.329631200000000035e+02,2.074534397677352260e-03
1.329692399999999850e+02,1.631047008268049492e-03
1.329753599999999949e+02,1.436865850572704995e-03
1.329814800000000048e+02,2.208522768906900913e-03
1.329876000000000147e+02,2.218285127292274339e-03
1.329937199999999962e+02,2.200558596098523001e-03
1.329998400000000061e+02,2.484797511191488839e-03
1.330059600000000160e+02,1.480764210952278948e-03
1.330120799999999974e+02,2.028586803093368474e-03
1.330182000000000073e+02,1.929010747381748603e-03
1.330243199999999888e+02,2.185915058979082115e-03
1.330304399999999987e+02,2.305015831495560441e-03
1.330365600000000086e+02,2.076576644867711430e-03
1.330426799999999901e+02,2.454379914984539113e-03
1.330488000000000000e+02,1.938773105291197174e-03
1.330549199999999814e+02,1.956499636484976268e-03
1.330610399999999913e+02,2.176152700137212737e-03
1.330671600000000012e+02,1.684797501191492852e-03
1.330732799999999827e+02,2.931091576141575672e-03
1.330793999999999926e+02,2.608779463141003285e-03
1.330855200000000025e+02,2.076422358983476268e-03
1.330916400000000124e+02,2.299158416452451448e-03
1.330977600000000223e+02,1.619389700543788502e-03
1.331038800000000037e+02,2.108483856832849002e-03
1.331100000000000136e+02,1.690809202323312332e-03
1.331161199999999951e+02,2.206416011130613031e-03
1.331222400000000050e+02,1.684797501191492852e-03
1.331283600000000149e+02,1.474906795922131808e-03
1.331344799999999964e+02,2.489524405651422079e-03
1.331406000000000063e+02,2.460237330038667070e-03
1.331467199999999877e+02,1.290243936353824283e-03
1.331528399999999976e+02,1.408522758906904926e-03
1.331589599999999791e+02,1.408522758906904926e-03
1.331650799999999890e+02,1.454405843314243718e-03
1.331711999999999989e+02,1.684797501191492852e-03
1.331773199999999804e+02,1.418130831191494190e-03
1.331834399999999903e+02,1.924951518353423818e-03
1.331895600000000002e+02,1.961072244512140905e-03
1.331956800000000101e+02,1.508920764508314694e-03
1.332018000000000200e+02,1.418130831191494190e-03
1.332079200000000014e+02,1.679762036879112186e-03
1.332140400000000113e+02,2.133865988567629213e-03
1.332201599999999928e+02,1.808779453427056261e-03
1.332262800000000027e+02,1.288291465043195361e-03
1.332324000000000126e+02,2.280301364805920050e-03
1.332385199999999941e+02,2.511514973354028735e-03
1.332446400000000040e+02,1.550898905597675181e-03
1.332507599999999854e+02,1.633878952300410470e-03
1.332568799999999953e+02,1.205992056982435612e-03
1.332630000000000052e+02,1.579209745142196031e-03
1.332691199999999867e+02,1.394405574512147528e-03
1.332752399999999966e+02,1.713634694486265708e-03
1.332813599999999781e+02,2.631746267312107257e-03
1.332874800000000164e+02,2.185606488199265396e-03
1.332936000000000263e+02,1.127738904512121110e-03
1.332997200000000078e+02,1.127738904512121110e-03
1.333058400000000177e+02,1.865773200234677187e-03
1.333119599999999991e+02,1.867199318352802395e-03
1.333180800000000090e+02,1.394405574512147528e-03
1.333241999999999905e+02,1.394405574512147528e-03
1.333303200000000004e+02,1.531078592409529371e-03
1.333364400000000103e+02,1.294675233514647195e-03
1.333425599999999918e+02,1.612401763774196084e-03
1.333486800000000017e+02,9.608025755089011355e-04
1.333547999999999831e+02,1.616011110673387652e-03
1.333609199999999930e+02,5.847974911914743945e-04
1.333670400000000029e+02,1.331617909480747874e-03
1.333731599999999844e+02,1.413621720117358427e-03
1.333792799999999943e+02,1.413621720117358427e-03
1.333853999999999758e+02,1.446146073737220039e-03
1.333915200000000141e+02,7.243992166159063384e-04
1.333976400000000240e+02,1.731206939626722674e-03
1.334037600000000054e+02,1.168432238961458758e-03
1.334098800000000153e+02,1.185336819197690961e-03
1.334159999999999968e+02,1.167610288825032816e-03
1.334221200000000067e+02,1.144026342601300872e-03
1.334282400000000166e+02,1.161752873792859519e-03
1.334343599999999981e+02,1.586415464367330053e-03
1.334404800000000080e+02,1.028830513960354853e-03
1.334465999999999894e+02,8.706803078327718382e-04
1.334527199999999993e+02,4.614832048830119771e-04
1.334588400000000092e+02,1.091463892822358561e-03
1.334649599999999907e+02,1.059093824655937821e-03
1.334710800000000006e+02,1.404013647832769163e-03
1.334771999999999821e+02,1.470397684971314067e-03
1.334833199999999920e+02,1.423229793438007817e-03
1.334894399999999735e+02,1.689896463438006480e-03
1.334955600000000118e+02,1.156563123438009155e-03
1.335016800000000217e+02,2.229730889155290274e-04
1.335078000000000031e+02,8.706803078327718382e-04
1.335139200000000130e+02,1.161598588239748375e-03
1.335200399999999945e+02,1.453647390088269598e-03
1.335261600000000044e+02,4.281369008102831053e-04
1.335322800000000143e+02,8.802883801173611023e-04
1.335383999999999958e+02,1.146955050117359765e-03
1.335445200000000057e+02,6.136217101173624400e-04
1.335506399999999871e+02,8.802883801173611023e-04
1.335567599999999970e+02,9.165633922412486090e-04
1.335628800000000069e+02,7.434610773954797303e-04
1.335689999999999884e+02,1.156563123438009155e-03
1.335751199999999983e+02,1.689896463438006480e-03
1.335812399999999798e+02,1.156563123438009155e-03
1.335873599999999897e+02,8.898964534380104929e-04
1.335934799999999996e+02,1.623512426174422707e-03
1.335996000000000095e+02,8.802883801173611023e-04
1.336057200000000194e+02,1.170384710329291922e-03
1.336118400000000008e+02,1.134931649810932974e-03
1.336179600000000107e+02,1.132824892150857687e-03
1.336240799999999922e+02,9.697935071285579411e-04
1.336302000000000021e+02,8.088688785416742189e-04
1.336363200000000120e+02,6.495881511770218442e-04
1.336424399999999935e+02,1.042189244809171855e-03
1.336485600000000034e+02,6.232297834380118307e-04
1.336546799999999848e+02,2.058369864793574422e-05
1.336607999999999947e+02,4.728894635915859013e-04
1.336669200000000046e+02,1.146492193834419693e-03
1.336730399999999861e+02,9.152785852862832527e-04
1.336791599999999960e+02,5.928121872310621043e-04
1.336852799999999775e+02,1.166171196758658546e-03
1.336913999999999874e+02,1.166171196758658546e-03
1.336975199999999973e+02,4.367687381714169259e-04
1.337036400000000071e+02,8.449896047870997240e-04
1.337097600000000170e+02,1.076203213519394408e-03
1.337158799999999985e+02,6.328378567586612213e-04
1.337220000000000084e+02,1.211078045327856900e-03
1.337281200000000183e+02,8.915403539501987051e-04
1.337342399999999998e+02,9.092668851428953314e-04
1.337403600000000097e+02,8.720156371828657882e-04
1.337464799999999912e+02,1.175779269043247810e-03
1.337526000000000010e+02,1.360287843203938918e-03
1.337587200000000109e+02,9.805321012083256793e-04
1.337648399999999924e+02,6.162418469547736866e-04
1.337709600000000023e+02,4.374364025813426426e-04
1.337770799999999838e+02,2.402367628422108492e-04
1.337831999999999937e+02,9.091125990432491477e-04
1.337893199999999752e+02,6.834478344105165970e-04
1.337954399999999850e+02,1.181328113892349263e-03
1.338015600000000234e+02,1.510782447988467947e-03
1.338076800000000048e+02,2.086761594040226209e-03
1.338138000000000147e+02,3.756249736064087852e-04
1.338199199999999962e+02,1.175779269043247810e-03
1.338260400000000061e+02,6.435764504844621037e-04
1.338321600000000160e+02,3.007633849416990746e-04
1.338382799999999975e+02,9.091125990432491477e-04
1.338444000000000074e+02,3.250149954430181509e-04
1.338505199999999888e+02,3.896008468814715631e-04
1.338566399999999987e+02,1.171874325688881946e-03
1.338627600000000086e+02,6.424459290432504854e-04
1.338688799999999901e+02,3.268131818363884111e-04
1.338750000000000000e+02,9.187206723638985384e-04
1.338811199999999815e+02,3.853873323639012138e-04
1.338872399999999914e+02,7.830238903090702696e-04
1.338933600000000013e+02,3.757792590432518232e-04
1.338994799999999827e+02,1.901401639384237008e-04
1.339056000000000211e+02,6.520540023638998761e-04
1.339117200000000025e+02,9.187206723638985384e-04
1.339178400000000124e+02,6.520540023638998761e-04
1.339239600000000223e+02,9.187206723638985384e-04
1.339300800000000038e+02,1.406016642683138862e-03
1.339362000000000137e+02,2.750726822021987150e-04
1.339423199999999952e+02,8.084060222042499522e-04
1.339484400000000051e+02,6.520540023638998761e-04
1.339545599999999865e+02,4.966782183654927518e-04
1.339606799999999964e+02,3.110391232623022084e-04
1.339668000000000063e+02,4.986306898382697472e-04
1.339729199999999878e+02,1.146029337553755578e-03
1.339790399999999977e+02,1.226256057244579090e-04
1.339851599999999792e+02,8.871725542725916736e-04
1.339912799999999891e+02,1.247712150962337896e-03
1.339973999999999990e+02,7.321053414182654429e-04
1.340035199999999804e+02,2.876094630496484061e-04
1.340096400000000187e+02,5.365496022620985794e-04
1.340157600000000002e+02,3.286113678115099024e-04
1.340218800000000101e+02,1.169767568565377447e-03
1.340280000000000200e+02,6.712701479691385309e-04
1.340341200000000015e+02,8.735052525105924115e-04
1.340402400000000114e+02,1.236018415749218224e-04
1.340463599999999929e+02,3.725419813157271332e-04
1.340524800000000027e+02,3.949954056845506045e-04
1.340586000000000126e+02,9.283287456845479291e-04
1.340647199999999941e+02,3.949954056845506045e-04
1.340708400000000040e+02,8.061449797764352887e-04
1.340769599999999855e+02,1.379368079691412063e-04
1.340830799999999954e+02,5.814564508307140667e-04
1.340892000000000053e+02,6.616620756845492668e-04
1.340953199999999867e+02,4.301398958683200213e-04
1.341014399999999966e+02,1.379368079691412063e-04
1.341075599999999781e+02,4.046034779691398686e-04
1.341136800000000164e+02,9.006855708691974272e-04
1.341197999999999979e+02,7.463576408886507529e-05
1.341259200000000078e+02,-3.317869168101839072e-04
1.341320400000000177e+02,-1.287298620308574559e-04
1.341381599999999992e+02,4.046034779691398686e-04
1.341442800000000091e+02,4.519440331540724998e-05
1.341503999999999905e+02,2.591443382836677856e-04
1.341565200000000004e+02,6.428050234471294200e-04
1.341626400000000103e+02,4.153420722331213621e-04
1.341687599999999918e+02,9.309488819728706233e-04
1.341748800000000017e+02,6.808782212897879216e-04
1.341809999999999832e+02,4.192498368221775351e-06
1.341871199999999931e+02,1.283287356845519422e-04
1.341932400000000030e+02,-2.546642851920244421e-04
1.341993599999999844e+02,2.609425240760188114e-04
1.342054799999999943e+02,1.214211561289785246e-03
1.342115999999999758e+02,1.214211561289785246e-03
1.342177200000000141e+02,1.475448812897905970e-04
1.342238400000000240e+02,1.475448812897905970e-04
1.342299600000000055e+02,4.142115512897892593e-04
1.342360800000000154e+02,6.494843883595724510e-04
1.342421999999999969e+02,5.412764956113924608e-04
1.342483200000000068e+02,5.187376876233940060e-05
1.342544400000000167e+02,8.139079293034701124e-07
1.342605599999999981e+02,5.497540472083339846e-04
1.342666800000000080e+02,1.176285654234304756e-03
1.342727999999999895e+02,1.402406280866880239e-03
1.342789199999999994e+02,9.667610368950252386e-04
1.342850399999999809e+02,4.000943668950318610e-04
1.342911599999999908e+02,4.000943668950318610e-04
1.342972800000000007e+02,7.000943668950265764e-04
1.343033999999999821e+02,-2.163951610875680664e-05
1.343095199999999920e+02,3.310772189198674109e-04
1.343156399999999735e+02,5.800173583128953592e-04
1.343217600000000118e+02,7.000943668950265764e-04
1.343278800000000217e+02,4.000943668950318610e-04
1.343340000000000032e+02,7.000943668950265764e-04
1.343401200000000131e+02,9.199017164724931916e-04
1.343462399999999946e+02,6.709615768057952678e-04
1.343523600000000044e+02,-1.446452320036928363e-04
1.343584800000000143e+02,5.709356394011377844e-04
1.343645999999999958e+02,6.763691102156799140e-04
1.343707200000000057e+02,4.169859733775538313e-04
1.343768399999999872e+02,4.657977652229028376e-04
1.343829599999999971e+02,8.318862055808062816e-04
1.343890800000000070e+02,4.674546400014467640e-04
1.343951999999999884e+02,1.111398226628951269e-03
1.344013199999999983e+02,6.265810822672635005e-04
1.344074399999999798e+02,1.255881131262681638e-03
1.344135599999999897e+02,-1.285120789953630993e-04
1.344196799999999996e+02,6.763691102156799140e-04
1.344258000000000095e+02,9.201840111771608655e-04
1.344319200000000194e+02,-2.152750397102776159e-04
1.344380400000000009e+02,4.000943668950318610e-04
1.344441600000000108e+02,6.863755272196736534e-04
1.344502799999999922e+02,6.515971252495922350e-04
1.344564000000000021e+02,-2.494110383185199620e-04
1.344625200000000120e+02,2.023420974773260106e-04
1.344686399999999935e+02,6.919566273641819532e-04
1.344747600000000034e+02,1.452323008546141381e-04
1.344808799999999849e+02,6.763691102156799140e-04
1.344869999999999948e+02,6.568121371345603254e-04
1.344931200000000047e+02,5.041532577045593211e-04
1.344992399999999861e+02,1.026959806553623400e-03
1.345053599999999960e+02,1.125803685255666320e-03
1.345114799999999775e+02,4.538448556743457374e-04
1.345175999999999874e+02,2.701582322542916970e-04
1.345237200000000257e+02,6.744741559934208652e-04
1.345298400000000072e+02,7.205115256743443997e-04
1.345359600000000171e+02,7.214877615174808412e-04
1.345420799999999986e+02,7.037612312572605333e-04
1.345482000000000085e+02,1.040871166990864349e-03
1.345543200000000184e+02,1.111005861791497518e-03
1.345604399999999998e+02,1.203902552218916178e-03
1.345665600000000097e+02,3.277561469407497263e-04
1.345726799999999912e+02,9.967862689949924526e-04
1.345788000000000011e+02,8.160283527798295466e-04
1.345849200000000110e+02,1.006394341279609472e-03
1.345910399999999925e+02,7.709672182273086261e-04
1.345971600000000024e+02,7.376209145077972096e-04
1.346032799999999838e+02,2.574671662220195945e-04
1.346093999999999937e+02,5.970429534188081977e-04
1.346155199999999752e+02,4.214747874952406992e-04
1.346216399999999851e+02,2.621940597744842893e-04
1.346277600000000234e+02,5.962210030248660253e-04
1.346338800000000049e+02,6.139475337819111367e-04
1.346400000000000148e+02,1.376015657308410356e-03
1.346461199999999963e+02,1.352834009415437855e-04
1.346522400000000061e+02,2.896829489701102656e-04
1.346583600000000160e+02,7.493357446002046895e-04
1.346644799999999975e+02,1.016002414600231107e-03
1.346706000000000074e+02,7.875632275429478302e-04
1.346767199999999889e+02,6.741655847568861493e-04
1.346828399999999988e+02,8.422324347023557589e-04
1.346889600000000087e+02,1.273061011279608135e-03
1.346950799999999902e+02,3.539602289878984731e-04
1.347012000000000000e+02,2.188575781081336658e-05
1.347073199999999815e+02,-6.027233872041293239e-05
1.347134399999999914e+02,2.063943312795857299e-04
1.347195600000000013e+02,7.494900297004836176e-04
1.347256799999999828e+02,4.650968294412638482e-04
1.347318000000000211e+02,9.807036391843992895e-04
1.347379200000000026e+02,1.354910536916525965e-03
1.347440400000000125e+02,6.626050404129613103e-04
1.347501599999999939e+02,7.948367227958441639e-05
1.347562800000000038e+02,3.284238115451310058e-04
1.347624000000000137e+02,9.387254976175873900e-04
1.347685199999999952e+02,4.345249473516332728e-04
1.347746400000000051e+02,7.589438179208540802e-04
1.347807599999999866e+02,2.256104779208567557e-04
1.347868799999999965e+02,2.256104779208567557e-04
1.347930000000000064e+02,2.579805458117478967e-04
1.347991199999999878e+02,3.354117483181096038e-04
1.348052399999999977e+02,2.893743782222957250e-04
1.348113599999999792e+02,1.016285259708704647e-04
1.348174799999999891e+02,7.589438179208540802e-04
1.348235999999999990e+02,3.946535637086856507e-04
1.348297199999999805e+02,6.232470356007102641e-04
1.348358400000000188e+02,1.035218560205469762e-03
1.348419600000000003e+02,7.373123433163375484e-04
1.348480800000000102e+02,2.394320647659264889e-04
1.348542000000000201e+02,6.904530229829841659e-04
1.348603200000000015e+02,5.586611849363876114e-04
1.348664400000000114e+02,4.305437544410706252e-05
1.348725599999999929e+02,-1.621094365025776973e-04
1.348786800000000028e+02,4.922771479208554180e-04
1.348848000000000127e+02,3.261627692830171288e-04
1.348909199999999942e+02,9.620008723209561019e-04
1.348970400000000041e+02,4.463940633412655234e-04
1.349031599999999855e+02,2.716478475299488604e-04
1.349092799999999954e+02,-4.819841417763592872e-05
1.349153999999999769e+02,7.781599635260927350e-04
1.349215199999999868e+02,7.781599635260927350e-04
1.349276399999999967e+02,1.044826633526091397e-03
1.349337600000000066e+02,-2.296239951516954036e-04
1.349398800000000165e+02,-5.066426539979129728e-05
1.349459999999999980e+02,-5.839976053997886218e-04
1.349521200000000078e+02,-8.889174862686255452e-05
1.349582400000000177e+02,4.626815014194540776e-04
1.349643599999999992e+02,4.804080317592773763e-04
1.349704800000000091e+02,-3.018654470481330065e-04
1.349765999999999906e+02,4.451092563869940566e-04
1.349827200000000005e+02,-2.375881675833191320e-04
1.349888400000000104e+02,-2.981147897945235492e-04
1.349949599999999919e+02,3.962974641550098820e-04
1.350010800000000017e+02,6.444156531558165035e-04
1.350071999999999832e+02,2.877810001774561144e-04
1.350133199999999931e+02,9.058925730037470370e-04
1.350194400000000030e+02,2.448266235260954105e-04
1.350255599999999845e+02,2.448266235260954105e-04
1.350316799999999944e+02,-2.184004647390325182e-05
1.350378000000000043e+02,7.575047248184751947e-04
1.350439200000000142e+02,6.917883530832003025e-04
1.350500400000000241e+02,6.909664023368455865e-04
1.350561600000000055e+02,1.054434705810708417e-03
1.350622800000000154e+02,5.211013658107110924e-04
1.350683999999999969e+02,-1.215703880969309925e-04
1.350745200000000068e+02,1.421675746951789332e-04
1.350806399999999883e+02,4.760402319728684883e-04
1.350867599999999982e+02,5.757705729701467767e-04
1.350928800000000081e+02,5.403175124519821182e-04
1.350989999999999895e+02,2.471070271117814521e-05
1.351051199999999994e+02,8.424372429701176834e-04
1.351112399999999809e+02,-5.455653141892835567e-04
1.351173599999999908e+02,2.544346958107124301e-04
1.351234800000000007e+02,2.544346958107124301e-04
1.351295999999999822e+02,2.544346958107124301e-04
1.351357199999999921e+02,-2.788986441892848944e-04
1.351418400000000020e+02,4.536594049625586322e-05
1.351479600000000119e+02,2.640427691313340652e-04
1.351540800000000218e+02,2.611140616042839646e-04
1.351602000000000032e+02,-2.544927481365200084e-04
1.351663200000000131e+02,-2.788986441892848944e-04
1.351724399999999946e+02,-1.511660339728049252e-04
1.351785600000000045e+02,-4.295475340775900541e-04
1.351846800000000144e+02,-5.359572408686619216e-04
1.351907999999999959e+02,-2.623900868664597041e-06
1.351969200000000058e+02,-4.480960150773649620e-04
1.352030399999999872e+02,4.797908902407777010e-04
1.352091599999999971e+02,-8.027652222369896506e-04
1.352152800000000070e+02,5.461749274830174361e-04
1.352213999999999885e+02,-4.884943709704270276e-06
1.352275199999999984e+02,3.224626343754088964e-04
1.352336399999999799e+02,6.984172451984793639e-06
1.352397599999999898e+02,-4.324762416027805312e-04
1.352458799999999997e+02,-3.904981003929608452e-04
1.352520000000000095e+02,-4.415579610939635025e-04
1.352581200000000194e+02,-5.500744252633915643e-04
1.352642400000000009e+02,1.563482554980122341e-04
1.352703600000000108e+02,-4.637157886866749568e-04
1.352764799999999923e+02,2.744727921906719992e-04
1.352826000000000022e+02,-5.411340166167066812e-04
1.352887200000000121e+02,-2.929083966995982280e-05
1.352948399999999936e+02,8.020186033652620949e-05
1.353009600000000034e+02,-6.506267166251078482e-04
1.353070799999999849e+02,2.832589147366004756e-04
1.353131999999999948e+02,-4.130126641854747760e-05
1.353193200000000047e+02,-1.201419080118504290e-05
1.353254399999999862e+02,-1.269144232685925910e-04
1.353315599999999961e+02,2.538175543726206573e-04
1.353376799999999776e+02,2.832589147366004756e-04
1.353437999999999874e+02,1.659224473660181332e-05
1.353499200000000258e+02,-5.500744252633915643e-04
1.353560400000000072e+02,-2.834077552633929020e-04
1.353621600000000171e+02,-4.620589137031005933e-04
1.353682799999999986e+02,-1.083659425862582015e-04
1.353744000000000085e+02,1.064556158636598138e-03
1.353805199999999900e+02,-2.874669833690113308e-04
1.353866399999999999e+02,-3.517442634368150856e-04
1.353927600000000098e+02,2.271635901661683832e-04
1.353988799999999912e+02,-5.551098895745787409e-04
1.354050000000000011e+02,-2.707166893154977494e-04
1.354111199999999826e+02,-8.471586914705064864e-04
1.354172399999999925e+02,-5.982185517293958643e-04
1.354233600000000024e+02,-1.791048052572630223e-04
1.354294799999999839e+02,3.469084358900809129e-05
1.354355999999999938e+02,1.208313366249380572e-05
1.354417199999999752e+02,-8.749292185977752823e-05
1.354478400000000136e+02,-6.976639093955738780e-05
1.354539600000000235e+02,-2.737996819427712669e-04
1.354600800000000049e+02,1.043923321611406330e-05
1.354662000000000148e+02,-7.287297042940510394e-06
1.354723199999999963e+02,-7.975249486221192008e-04
1.354784400000000062e+02,2.691417313778754483e-04
1.354845600000000161e+02,-4.487001827835901402e-04
1.354906799999999976e+02,-2.261184113688530228e-04
1.354968000000000075e+02,1.907107014342823703e-05
1.355029199999999889e+02,-5.404663519427699292e-04
1.355090399999999988e+02,-1.986295220993972155e-04
1.355151600000000087e+02,-2.641916086221218762e-04
1.355212799999999902e+02,-7.975249486221192008e-04
1.355274000000000001e+02,-7.975249486221192008e-04
1.355335199999999816e+02,-7.729647674681039415e-04
1.355396399999999915e+02,-6.442559222155364029e-04
1.355457600000000014e+02,-6.714625465012447059e-05
1.355518800000000113e+02,-2.985141486325781912e-04
1.355580000000000211e+02,-5.319888000610839551e-04
1.355641200000000026e+02,2.169120698311544082e-05
1.355702400000000125e+02,2.883578769831141031e-04
1.355763599999999940e+02,-2.449754630168832215e-04
1.355824800000000039e+02,2.649282167723476800e-04
1.355886000000000138e+02,-1.050678602969645770e-03
1.355947199999999953e+02,1.208313366249380572e-05
1.356008400000000051e+02,-5.863644726195049728e-05
1.356069599999999866e+02,-3.386941041017832443e-04
1.356130799999999965e+02,-3.582188207035541527e-04
1.356192000000000064e+02,-3.806722450716837347e-04
1.356253199999999879e+02,-9.462213678629871616e-04
1.356314399999999978e+02,-1.044975473016906964e-03
1.356375599999999793e+02,-5.653351043331256154e-04
1.356436799999999891e+02,-2.282251686007985558e-04
1.356497999999999990e+02,2.071497114117248906e-05
1.356559200000000089e+02,2.169120698311544082e-05
1.356620400000000188e+02,-5.116421330168818837e-04
1.356681600000000003e+02,-8.275189397276005998e-04
1.356742800000000102e+02,-8.201649150600676119e-04
1.356804000000000201e+02,-3.826247167550422823e-04
1.356865200000000016e+02,-3.864398865780771519e-04
1.356926400000000115e+02,-2.008330475581632246e-04
1.356987599999999929e+02,-4.674997175581896425e-04
1.357048800000000028e+02,-2.337810071475210361e-04
1.357109999999999843e+02,-5.094456023779225795e-04
1.357171199999999942e+02,-2.293879458695469165e-04
1.357232400000000041e+02,2.272496028790649270e-05
1.357293599999999856e+02,-3.874483785030191640e-04
1.357354799999999955e+02,-4.674997175581896425e-04
1.357415999999999769e+02,-2.008330475581632246e-04
1.357477199999999868e+02,-8.661345403018771982e-05
1.357538399999999967e+02,-1.144329418648060148e-05
1.357599600000000066e+02,-4.079493311887338880e-04
1.357660800000000165e+02,-4.578916442375680074e-04
1.357721999999999980e+02,-1.961061534485608604e-04
1.357783200000000079e+02,8.828704681054788672e-05
1.357844400000000178e+02,2.923203378150107667e-04
1.357905599999999993e+02,-5.254062031918582676e-04
1.357966800000000092e+02,-5.252519177356973490e-04
1.358027999999999906e+02,-5.635014292446061113e-05
1.358089200000000005e+02,-4.578916442375680074e-04
1.358150400000000104e+02,-4.578916442375680074e-04
1.358211599999999919e+02,-4.578916442375680074e-04
1.358272800000000018e+02,-2.263694645541491912e-04
1.358333999999999833e+02,-1.534166397558184292e-03
1.358395199999999932e+02,-1.000833057558186967e-03
1.358456400000000031e+02,-5.047509646589065646e-04
1.358517599999999845e+02,-7.891441656769360158e-04
1.358578799999999944e+02,-4.482835719529509877e-04
1.358640000000000043e+02,-5.675386297927798029e-04
1.358701200000000142e+02,-4.121628453449543983e-04
1.358762399999999957e+02,-7.245583142375666696e-04
1.358823600000000056e+02,-8.604093816378943771e-04
1.358884800000000155e+02,-5.148218941768423207e-04
1.358945999999999970e+02,-1.001963578500408847e-03
1.359007200000000068e+02,-1.250903718242379892e-03
1.359068399999999883e+02,-1.035155597133186056e-03
1.359129599999999982e+02,-9.295678410838892347e-04
1.359190800000000081e+02,-1.000833057558186967e-03
1.359251999999999896e+02,-1.117159407872131416e-03
1.359313199999999995e+02,-7.452135524850800330e-04
1.359374399999999810e+02,-5.343466111593642154e-04
1.359435599999999909e+02,-7.832867506450957862e-04
1.359496800000000007e+02,-9.502230790217613965e-04
1.359557999999999822e+02,-7.149502419529496500e-04
1.359619200000000205e+02,-9.816169119529483122e-04
1.359680400000000020e+02,-7.149502419529496500e-04
1.359741600000000119e+02,-6.562218055463087119e-04
1.359802800000000218e+02,-9.912249842375653319e-04
1.359864000000000033e+02,-8.379559575985573439e-04
1.359925200000000132e+02,-5.742179951152837081e-04
1.359986399999999946e+02,-8.231581342912630550e-04
1.360047600000000045e+02,-1.053704078401634936e-03
1.360108800000000144e+02,-4.386754986323015970e-04
1.360169999999999959e+02,-7.053421686323002593e-04
1.360231200000000058e+02,-7.053421686323002593e-04
1.360292399999999873e+02,-9.150785886930246082e-04
1.360353599999999972e+02,-3.028244312320016451e-04
1.360414799999999786e+02,-9.720088386322989216e-04
1.360475999999999885e+02,-4.844042975249152061e-04
1.360537199999999984e+02,-1.257891654237563994e-03
1.360598399999999799e+02,-9.912249842375653319e-04
1.360659600000000182e+02,-1.183697730513577628e-03
1.360720799999999997e+02,-6.680909215313890481e-04
1.360782000000000096e+02,-7.443916022448759939e-04
1.360843200000000195e+02,-1.242271880795314809e-03
1.360904400000000010e+02,-1.308964489133729314e-03
1.360965600000000109e+02,-9.720088386322989216e-04
1.361026799999999923e+02,-1.078264259622346843e-03
1.361088000000000022e+02,-6.729721003030930682e-04
1.361149200000000121e+02,-9.720088386322989216e-04
1.361210399999999936e+02,-1.343132743739400281e-03
1.361271600000000035e+02,-1.514950251952945637e-03
1.361332799999999850e+02,-9.318288840054755884e-04
1.361393999999999949e+02,-1.944622530010431394e-04
1.361455200000000048e+02,-1.243402402741955459e-03
1.361516399999999862e+02,-1.492342541568547620e-03
1.361577599999999961e+02,-9.243275680574092323e-04
1.361638799999999776e+02,-1.064905529057913469e-03
1.361700000000000159e+02,-1.134063988424971470e-03
1.361761200000000258e+02,-1.646896365739503043e-03
1.361822400000000073e+02,-1.238675508632297584e-03
1.361883600000000172e+02,-9.720088386322989216e-04
1.361944799999999987e+02,-1.772008838632294081e-03
1.362006000000000085e+02,-1.772008838632294081e-03
1.362067199999999900e+02,-1.505342168632295419e-03
1.362128399999999999e+02,-1.238675508632297584e-03
1.362189600000000098e+02,-1.505342168632295419e-03
1.362250799999999913e+02,-1.046357047733897927e-03
1.362312000000000012e+02,-1.394051282630703881e-03
1.362373199999999827e+02,-1.642991422370482235e-03
1.362434399999999926e+02,-1.891931561698201314e-03
1.362495600000000024e+02,-1.808951514807921601e-03
1.362556799999999839e+02,-1.073691651312574935e-03
1.362617999999999938e+02,-1.248283581952946975e-03
1.362679199999999753e+02,-2.046331110271304432e-03
1.362740400000000136e+02,-1.015117500785062132e-03
1.362801600000000235e+02,-1.273152324142018399e-03
1.362862800000000050e+02,-6.861260230270616045e-04
1.362924000000000149e+02,-1.624442941152104414e-03
1.362985199999999963e+02,-1.088335188962757938e-03
1.363046400000000062e+02,-9.030046546551484532e-04
1.363107600000000161e+02,-3.431586715268442056e-04
1.363168799999999976e+02,-1.336607653860649725e-03
1.363230000000000075e+02,-2.072008848632289624e-03
1.363291199999999890e+02,-1.764198951911183366e-03
1.363352399999999989e+02,-9.996520033607736444e-04
1.363413600000000088e+02,-1.403813641241924426e-03
1.363474799999999902e+02,-9.108145415248070087e-04
1.363536000000000001e+02,-1.455708426180452042e-03
1.363597199999999816e+02,-1.928502179840557718e-03
1.363658399999999915e+02,-1.229067425311675121e-03
1.363719599999999730e+02,-1.229067425311675121e-03
1.363780800000000113e+02,-1.795734105311669326e-03
1.363842000000000212e+02,-1.761565850965041147e-03
1.363903200000000027e+02,-1.533126664791328864e-03
1.363964400000000126e+02,-2.297673613341766341e-03
1.364025599999999940e+02,-1.048463795376652907e-03
1.364086800000000039e+02,-2.188335199227481320e-03
1.364148000000000138e+02,-2.257802229488126144e-03
1.364209199999999953e+02,-1.373023986708798994e-03
1.364270400000000052e+02,-1.362285392446094257e-03
1.364331599999999867e+02,-8.610265138679074060e-04
1.364392799999999966e+02,-1.372047750625271512e-03
1.364454000000000065e+02,-2.025303813450091139e-03
1.364515199999999879e+02,-1.786126033027052307e-03
1.364576399999999978e+02,-1.519459363027053644e-03
1.364637599999999793e+02,-1.450827246742253385e-03
1.364698799999999892e+02,-1.795734105311669326e-03
1.364759999999999991e+02,-1.709003401126701904e-03
1.364821200000000090e+02,-1.360487205861710125e-03
1.364882400000000189e+02,-1.599664986724813609e-03
1.364943600000000004e+02,-1.511649475610332694e-03
1.365004800000000103e+02,-1.435657365455061951e-03
1.365065999999999917e+02,-1.715682766408543891e-03
1.365127200000000016e+02,-1.522542355654327162e-03
1.365188400000000115e+02,-2.038149165395242157e-03
1.365249599999999930e+02,-1.050866158809199424e-03
1.365310800000000029e+02,-1.914167213446338334e-03
1.365371999999999844e+02,-1.606498638076631069e-03
1.365433199999999943e+02,-2.081103541877626917e-03
1.365494400000000041e+02,-2.079151070197349238e-03
1.365555599999999856e+02,-1.607474873917408287e-03
1.365616799999999955e+02,-1.786126033027052307e-03
1.365677999999999770e+02,-1.700217278922028230e-03
1.365739199999999869e+02,-2.331482773333365399e-03
1.365800400000000252e+02,-1.762696372817534884e-03
1.365861600000000067e+02,-1.578342083755068792e-03
1.365922800000000166e+02,-1.500243216385810374e-03
1.365983999999999980e+02,-1.051020444593236958e-03
1.366045200000000079e+02,-1.534411471315527686e-03
1.366106400000000178e+02,-2.043184629706429334e-03
1.366167599999999993e+02,-1.776517959706430672e-03
1.366228800000000092e+02,-1.849735647865502486e-03
1.366289999999999907e+02,-1.961026533869814070e-03
1.366351200000000006e+02,-2.052125037386609563e-03
1.366412400000000105e+02,-1.501065167127585420e-03
1.366473599999999919e+02,-1.269697272544501043e-03
1.366534800000000018e+02,-1.766909886385809036e-03
1.366595999999999833e+02,-1.766909886385809036e-03
1.366657199999999932e+02,-1.875426350555209343e-03
1.366718399999999747e+02,-1.888117416454421216e-03
1.366779599999999846e+02,-1.603724215650498275e-03
1.366840800000000229e+02,-2.309851299706427996e-03
1.366902000000000044e+02,-1.727706167599984965e-03
1.366963200000000143e+02,-2.278766037939500277e-03
1.367024399999999957e+02,-1.763159229132199579e-03
1.367085600000000056e+02,-1.976800592567606873e-03
1.367146800000000155e+02,-1.776517959706430672e-03
1.367207999999999970e+02,-1.211277407824895569e-03
1.367269200000000069e+02,-1.642105984730551915e-03
1.367330399999999884e+02,-1.490635144101165599e-03
1.367391599999999983e+02,-2.130378190493914525e-03
1.367452800000000082e+02,-2.142093020257557212e-03
1.367513999999999896e+02,-1.051174729851223066e-03
1.367575199999999995e+02,-2.033576556385807699e-03
1.367636399999999810e+02,-2.033576556385807699e-03
1.367697599999999909e+02,-1.787565125093426577e-03
1.367758800000000008e+02,-1.975978641917397471e-03
1.367819999999999823e+02,-2.033576556385807699e-03
1.367881200000000206e+02,-1.705561314046671884e-03
1.367942400000000021e+02,-1.754373106061579701e-03
1.368003600000000120e+02,-1.924238142477691094e-03
1.368064800000000218e+02,-1.941964673361717963e-03
1.368126000000000033e+02,-1.802362947939922799e-03
1.368187200000000132e+02,-1.996633880521347937e-03
1.368248399999999947e+02,-2.014360410780541288e-03
1.368309600000000046e+02,-1.481027070780543964e-03
1.368370799999999861e+02,-1.481027070780543964e-03
1.368431999999999960e+02,-2.281027080780539951e-03
1.368493200000000058e+02,-2.014360410780541288e-03
1.368554399999999873e+02,-2.014360410780541288e-03
1.368615599999999972e+02,-1.481027070780543964e-03
1.368676799999999787e+02,-1.832626259043595995e-03
1.368737999999999886e+02,-2.023968484101162923e-03
1.368799199999999985e+02,-2.290635154101161586e-03
1.368860399999999800e+02,-2.023968484101162923e-03
1.368921600000000183e+02,-2.557301824101160248e-03
1.368982799999999997e+02,-1.574899996725026563e-03
1.369044000000000096e+02,-2.063017917046133798e-03
1.369105200000000195e+02,-1.790648117431875574e-03
1.369166400000000010e+02,-1.471418997459922329e-03
1.369227600000000109e+02,-1.622889838520769068e-03
1.369288799999999924e+02,-1.637533376427635634e-03
1.369350000000000023e+02,-2.014360410780541288e-03
1.369411200000000122e+02,-2.014360410780541288e-03
1.369472399999999936e+02,-2.547693740780537786e-03
1.369533600000000035e+02,-1.747693740780542626e-03
1.369594799999999850e+02,-2.053564129566559648e-03
1.369655999999999949e+02,-1.938214015094363862e-03
1.369717200000000048e+02,-1.668772923317518586e-03
1.369778399999999863e+02,-1.873936735105496965e-03
1.369839599999999962e+02,-1.886627801005846816e-03
1.369900799999999776e+02,-1.819267528151646829e-03
1.369962000000000160e+02,-2.271418997459917488e-03
1.370023199999999974e+02,-1.932510885278210244e-03
1.370084400000000073e+02,-1.203108426979515588e-03
1.370145600000000172e+02,-1.967655375529925310e-03
1.370206799999999987e+02,-1.507694009582810635e-03
1.370268000000000086e+02,-1.728477595175276216e-03
1.370329199999999901e+02,-1.637533376097732862e-03
1.370390400000000000e+02,-1.589697820014224217e-03
1.370451600000000099e+02,-1.995144255175274051e-03
1.370512799999999913e+02,-1.461810925175277553e-03
1.370574000000000012e+02,-1.662093557910832020e-03
1.370635199999999827e+02,-9.579189455391212693e-04
1.370696399999999926e+02,-1.983429425070459828e-03
1.370757600000000025e+02,-1.467822625328490949e-03
1.370818799999999840e+02,-2.218856548121650452e-03
1.370879999999999939e+02,-2.055825162487867619e-03
1.370941200000000038e+02,-1.809505169401676161e-03
1.371002400000000137e+02,-2.653435782498186901e-03
1.371063600000000235e+02,-1.871162303225287760e-03
1.371124800000000050e+02,-2.082183530224879231e-03
1.371186000000000149e+02,-1.925831510383751999e-03
1.371247199999999964e+02,-1.452202851854655918e-03
1.371308400000000063e+02,-1.733513049486545832e-03
1.371369600000000162e+02,-1.982453189228516877e-03
1.371430799999999977e+02,-2.261810925175300468e-03
1.371492000000000075e+02,-1.786229784960180478e-03
1.371553199999999890e+02,-1.718869511854653753e-03
1.371614399999999989e+02,-1.831290919377365212e-03
1.371675599999999804e+02,-2.356660087044409879e-03
1.371736799999999903e+02,-2.072266886041951306e-03
1.371798000000000002e+02,-1.913294729809000838e-03
1.371859199999999817e+02,-1.799075136876521208e-03
1.371920399999999916e+02,-2.528477595175299131e-03
1.371981600000000014e+02,-2.528477595175299131e-03
1.372042800000000113e+02,-2.050122033432022484e-03
1.372104000000000212e+02,-1.921104616516955410e-03
1.372165200000000027e+02,-1.801027608385130652e-03
1.372226400000000126e+02,-2.133102079563464759e-03
1.372287599999999941e+02,-1.589030145339120903e-03
1.372348800000000040e+02,-2.078432872608865223e-03
1.372410000000000139e+02,-1.985536181854680171e-03
1.372471199999999953e+02,-2.423198409506999162e-03
1.372532400000000052e+02,-1.720154318934324911e-03
1.372593599999999867e+02,-1.969094458675130221e-03
1.372654799999999966e+02,-1.467154950724081086e-03
1.372716000000000065e+02,-2.181091921516636889e-03
1.372777199999999880e+02,-1.975928109570063151e-03
1.372838399999999979e+02,-2.242594779570061814e-03
1.372899599999999793e+02,-1.975928109570063151e-03
1.372960799999999892e+02,-1.975928109570063151e-03
1.373021999999999991e+02,-2.343301356628274545e-03
1.373083200000000090e+02,-1.496718341202990521e-03
1.373144400000000189e+02,-2.219165119358212923e-03
1.373205600000000004e+02,-1.703558309618463662e-03
1.373266800000000103e+02,-1.690655441019039973e-03
1.373327999999999918e+02,-2.118124709863833388e-03
1.373389200000000017e+02,-1.838067053026470887e-03
1.373450400000000116e+02,-1.838921259171177880e-03
1.373511599999999930e+02,-2.237713599849061596e-03
1.373572800000000029e+02,-2.302145165310132136e-03
1.373633999999999844e+02,-2.047347611145444723e-03
1.373695199999999943e+02,-1.922235138253569620e-03
1.373756400000000042e+02,-1.992678403987174773e-03
1.373817599999999857e+02,-2.508285213726951790e-03
1.373878799999999956e+02,-2.261297545671198117e-03
1.373939999999999770e+02,-1.699653366249442854e-03
1.374001199999999869e+02,-2.282196842961048411e-03
1.374062400000000252e+02,-1.922177620790749275e-03
1.374123600000000067e+02,-2.078131296179813736e-03
1.374184800000000166e+02,-2.641117799810105415e-03
1.374245999999999981e+02,-2.188844290790747937e-03
1.374307200000000080e+02,-1.775832018174106075e-03
1.374368400000000179e+02,-2.447026414714753573e-03
1.374429599999999994e+02,-2.192993293113620901e-03
1.374490800000000092e+02,-2.721991089365161098e-03
1.374551999999999907e+02,-1.500867343527861886e-03
1.374613200000000006e+02,-1.655510950790750613e-03
1.374674400000000105e+02,-2.019955490102670614e-03
1.374735599999999920e+02,-2.320790414577889038e-03
1.374796800000000019e+02,-2.455510960790746600e-03
1.374857999999999834e+02,-2.101959300842948242e-03
1.374919199999999933e+02,-2.119685831101503215e-03
1.374980399999999747e+02,-1.668510586939009332e-03
1.375041599999999846e+02,-1.912569547470099884e-03
1.375102800000000229e+02,-1.645902877470101222e-03
1.375164000000000044e+02,-2.179236217470098547e-03
1.375225200000000143e+02,-2.378388329263431133e-03
1.375286399999999958e+02,-2.017026782577202582e-03
1.375347600000000057e+02,-2.323719122104966894e-03
1.375408800000000156e+02,-1.805029319735002025e-03
1.375469999999999970e+02,-2.002383244945338259e-03
1.375531200000000069e+02,-2.393031866894407278e-03
1.375592399999999884e+02,-2.179236217470098547e-03
1.375653599999999983e+02,-1.920379434207031277e-03
1.375714800000000082e+02,-1.902652903949003660e-03
1.375775999999999897e+02,-1.959428867892631931e-03
1.375837199999999996e+02,-2.114650366789344593e-03
1.375898399999999810e+02,-2.385433783005319608e-03
1.375959599999999909e+02,-2.753070380823507968e-03
1.376020800000000008e+02,-2.059159208888466930e-03
1.376082000000000107e+02,-2.295703889151734511e-03
1.376143200000000206e+02,-2.113828416046736880e-03
1.376204400000000021e+02,-2.241034681992104538e-03
1.376265600000000120e+02,-1.901830953206090635e-03
1.376326799999999935e+02,-1.919557483465283987e-03
1.376388000000000034e+02,-2.469628154149444699e-03
1.376449200000000133e+02,-2.202961484149446036e-03
1.376510399999999947e+02,-2.080636397415208672e-03
1.376571600000000046e+02,-2.595562577783400160e-03
1.376632799999999861e+02,-2.469628154149444699e-03
1.376693999999999960e+02,-1.902961474149450494e-03
1.376755200000000059e+02,-2.469628154149444699e-03
1.376816399999999874e+02,-2.695292918934638626e-03
1.376877599999999973e+02,-2.207020713603458084e-03
1.376938799999999787e+02,-2.189294182409706746e-03
1.376999999999999886e+02,-2.704900992100356394e-03
1.377061199999999985e+02,-2.953841131842327439e-03
1.377122400000000084e+02,-2.094303699205074532e-03
1.377183600000000183e+02,-2.622897181363215147e-03
1.377244799999999998e+02,-3.027367380675521913e-03
1.377306000000000097e+02,-2.558619901549208375e-03
1.377367200000000196e+02,-2.398362937941239670e-03
1.377428400000000011e+02,-2.503950694595746818e-03
1.377489600000000110e+02,-3.002961484149441196e-03
1.377550799999999924e+02,-2.469628154149444699e-03
1.377612000000000023e+02,-2.764759939564737090e-03
1.377673200000000122e+02,-2.726686741864853269e-03
1.377734399999999937e+02,-2.009821073545747794e-03
1.377795600000000036e+02,-2.496140807438818054e-03
1.377856799999999851e+02,-2.478568562314042989e-03
1.377917999999999950e+02,-2.653469053323559423e-03
1.377979199999999764e+02,-2.928767560427786298e-03
1.378040399999999863e+02,-2.506879402109696287e-03
1.378101599999999962e+02,-3.230578720537030657e-03
1.378162800000000061e+02,-2.466031771988702603e-03
1.378224000000000160e+02,-2.183745338544207382e-03
1.378285199999999975e+02,-2.397540987968543869e-03
1.378346400000000074e+02,-2.913147787011044487e-03
1.378407600000000173e+02,-2.418041940212667384e-03
1.378468799999999987e+02,-2.717078668544203879e-03
1.378530000000000086e+02,-2.983745338544202541e-03
1.378591199999999901e+02,-2.527534630071492927e-03
1.378652400000000000e+02,-2.627110685968020443e-03
1.378713600000000099e+02,-2.463257349592379297e-03
1.378774799999999914e+02,-2.978864159333183270e-03
1.378836000000000013e+02,-2.983745338544202541e-03
1.378897199999999827e+02,-2.767020981593981688e-03
1.378958399999999926e+02,-2.440803925223555826e-03
1.379019600000000025e+02,-2.707470595223554488e-03
1.379080799999999840e+02,-2.572750049516542292e-03
1.379141999999999939e+02,-2.271915125169998717e-03
1.379203200000000038e+02,-2.894085926469391890e-03
1.379264400000000137e+02,-2.483912588216757866e-03
1.379325600000000236e+02,-2.974137265223553150e-03
1.379386800000000051e+02,-2.707470595223554488e-03
1.379448000000000150e+02,-2.727149598091727078e-03
1.379509199999999964e+02,-3.137168651069832670e-03
1.379570400000000063e+02,-3.058093547645801547e-03
1.379631599999999878e+02,-2.809153408524361906e-03
1.379692799999999977e+02,-3.093546609200192865e-03
1.379754000000000076e+02,-2.485865059684927436e-03
1.379815199999999891e+02,-2.634098621963953946e-03
1.379876399999999990e+02,-2.974137265223553150e-03
1.379937599999999804e+02,-3.002448104644200866e-03
1.379998799999999903e+02,-3.514149971021979235e-03
1.380060000000000002e+02,-2.767329552732705755e-03
1.380121199999999817e+02,-2.822666424795367002e-03
1.380182399999999916e+02,-2.859917672427103597e-03
1.380243600000000015e+02,-2.964529192938963886e-03
1.380304800000000114e+02,-2.823951231673144102e-03
1.380366000000000213e+02,-2.914741164567025145e-03
1.380427200000000028e+02,-3.335653097332635930e-03
1.380488400000000127e+02,-2.896346969309515629e-03
1.380549599999999941e+02,-2.709885924164268101e-03
1.380610800000000040e+02,-2.688254449618315833e-03
1.380672000000000139e+02,-2.954921119618314496e-03
1.380733199999999954e+02,-3.180431599148353383e-03
1.380794400000000053e+02,-3.231195862938962549e-03
1.380855599999999868e+02,-3.060354590567415656e-03
1.380916799999999967e+02,-2.934574452571864223e-03
1.380978000000000065e+02,-2.518543699225661570e-03
1.381039199999999880e+02,-2.945313047333697476e-03
1.381100399999999979e+02,-2.617143519280523689e-03
1.381161599999999794e+02,-2.669038304013077179e-03
1.381222799999999893e+02,-2.949372275777295549e-03
1.381283999999999992e+02,-2.913919214325655371e-03
1.381345200000000091e+02,-2.993148603417844500e-03
1.381406400000000190e+02,-2.411979707333700151e-03
1.381467600000000004e+02,-2.945313047333697476e-03
1.381528800000000103e+02,-2.678646377333698814e-03
1.381589999999999918e+02,-3.478646387333722556e-03
1.381651200000000017e+02,-3.128845385309469984e-03
1.381712400000000116e+02,-3.304567836439037398e-03
1.381773599999999931e+02,-2.669038304013077179e-03
1.381834800000000030e+02,-2.678800662433949986e-03
1.381895999999999844e+02,-3.194407472174753959e-03
1.381957199999999943e+02,-2.945313047333697476e-03
1.382018400000000042e+02,-2.741279756330206041e-03
1.382079599999999857e+02,-2.759006286589704704e-03
1.382140799999999956e+02,-2.691491728380623893e-03
1.382201999999999771e+02,-2.823283567069428956e-03
1.382263200000000154e+02,-2.479648550994167922e-03
1.382324400000000253e+02,-2.251209364370371224e-03
1.382385600000000068e+02,-2.935704974013075841e-03
1.382446800000000167e+02,-2.923013908065125177e-03
1.382507999999999981e+02,-2.674073768324292111e-03
1.382569200000000080e+02,-2.392763560692429126e-03
1.382630399999999895e+02,-3.133058899221885518e-03
1.382691599999999994e+02,-2.663489459835355344e-03
1.382752800000000093e+02,-2.525840206458379589e-03
1.382813999999999908e+02,-2.258197300617020842e-03
1.382875200000000007e+02,-2.471170999299387994e-03
1.382936399999999821e+02,-2.453444468776572185e-03
1.382997599999999920e+02,-2.969051277745937689e-03
1.383058800000000019e+02,-3.171132097123968707e-03
1.383119999999999834e+02,-2.673251818575861360e-03
1.383181199999999933e+02,-3.183155498407863604e-03
1.383242399999999748e+02,-2.649822158407866279e-03
1.383303600000000131e+02,-2.832378260201190434e-03
1.383364800000000230e+02,-3.459430240692451530e-03
1.383426000000000045e+02,-3.192763570692452868e-03
1.383487200000000144e+02,-3.092211279330736584e-03
1.383548399999999958e+02,-2.649822158407866279e-03
1.383609600000000057e+02,-2.603939073827332695e-03
1.383670800000000156e+02,-2.373547415087218226e-03
1.383731999999999971e+02,-2.640214085087216889e-03
1.383793200000000070e+02,-3.120522118510798970e-03
1.383854399999999885e+02,-3.192763570692452868e-03
1.383915599999999984e+02,-3.459430240692451530e-03
1.383976800000000082e+02,-3.034613364860744289e-03
1.384037999999999897e+02,-2.921524292719024363e-03
1.384099199999999996e+02,-3.104234680295997473e-03
1.384160399999999811e+02,-3.107009102723712335e-03
1.384221599999999910e+02,-2.737837669115172901e-03
1.384282800000000009e+02,-3.949809203719317763e-03
1.384344000000000108e+02,-2.651928915168910716e-03
1.384405200000000207e+02,-3.416630149776361813e-03
1.384466400000000021e+02,-3.234074047298668431e-03
1.384527600000000120e+02,-2.985133907557474542e-03
1.384588799999999935e+02,-2.791684925716797494e-03
1.384650000000000034e+02,-3.440214095087212876e-03
1.384711200000000133e+02,-3.173547425087214213e-03
1.384772399999999948e+02,-3.094472321875180176e-03
1.384833600000000047e+02,-2.578865512328054610e-03
1.384894799999999861e+02,-2.936476401495941024e-03
1.384955999999999960e+02,-3.167690010046381177e-03
1.385017200000000059e+02,-2.660869322872183584e-03
1.385078399999999874e+02,-2.897272681766566160e-03
1.385139599999999973e+02,-2.897272681766566160e-03
1.385200799999999788e+02,-3.061280303242014389e-03
1.385261999999999887e+02,-2.900201389807316454e-03
1.385323199999999986e+02,-2.620997939481978234e-03
1.385384400000000085e+02,-2.703001749913586105e-03
1.385445600000000184e+02,-2.575936804811940206e-03
1.385506799999999998e+02,-2.409000476538858404e-03
1.385568000000000097e+02,-3.173547425087214213e-03
1.385629200000000196e+02,-2.409000476536804491e-03
1.385690400000000011e+02,-3.187664609481971612e-03
1.385751600000000110e+02,-2.426727006899304095e-03
1.385812799999999925e+02,-2.678595853540383098e-03
1.385874000000000024e+02,-2.884735901443558070e-03
1.385935199999999838e+02,-2.456990318004198537e-03
1.385996399999999937e+02,-2.620997939481978234e-03
1.386057600000000036e+02,-2.887664609481976896e-03
1.386118799999999851e+02,-3.157401298376355525e-03
1.386179999999999950e+02,-2.341428400202932858e-03
1.386241199999999765e+02,-1.794704073694641799e-03
1.386302399999999864e+02,-3.002250290751407036e-03
1.386363599999999963e+02,-3.463939351766559538e-03
1.386424800000000062e+02,-3.390875949343508111e-03
1.386486000000000161e+02,-3.320586969111638531e-03
1.386547199999999975e+02,-3.418056267789876257e-03
1.386608400000000074e+02,-3.743297088043939791e-03
1.386669600000000173e+02,-2.671916488373060616e-03
1.386730799999999988e+02,-3.154472590849305424e-03
1.386792000000000087e+02,-2.911389866161323559e-03
1.386853199999999902e+02,-2.078056526161331519e-03
1.386914400000000001e+02,-3.138852817375498150e-03
1.386975600000000099e+02,-2.762391871319769265e-03
1.387036799999999914e+02,-2.694453706647115254e-03
1.387098000000000013e+02,-1.903098507858830279e-03
1.387159199999999828e+02,-2.867247450702631317e-03
1.387220399999999927e+02,-2.600580780702632655e-03
1.387281600000000026e+02,-2.537125450965266316e-03
1.387342799999999841e+02,-2.401062580365237453e-03
1.387404000000000224e+02,-2.592719355703432260e-03
1.387465200000000038e+02,-2.363721559454329268e-03
1.387526400000000137e+02,-3.080554981559180394e-03
1.387587599999999952e+02,-2.911389866161323559e-03
1.387648800000000051e+02,-2.611389866161328843e-03
1.387710000000000150e+02,-2.744453537574881308e-03
1.387771199999999965e+02,-2.746194206279056749e-03
1.387832400000000064e+02,-2.883843459756757488e-03
1.387893599999999878e+02,-3.046598530482308442e-03
1.387954799999999977e+02,-2.911178063488006895e-03
1.388016000000000076e+02,-3.189771366267302177e-03
1.388077199999999891e+02,-3.172044836008108826e-03
1.388138399999999990e+02,-2.958525501820491455e-03
1.388199599999999805e+02,-2.600580780702632655e-03
1.388260799999999904e+02,-3.334896674196369259e-03
1.388322000000000003e+02,-3.178056536161322221e-03
1.388383199999999817e+02,-3.181261558618725394e-03
1.388444400000000201e+02,-2.954286725753346721e-03
1.388505600000000015e+02,-3.281203703189045084e-03
1.388566800000000114e+02,-3.412353138270263209e-03
1.388628000000000213e+02,-2.894915886365423408e-03
1.388689200000000028e+02,-2.314858229858329786e-03
1.388750400000000127e+02,-2.867247450702631317e-03
1.388811599999999942e+02,-3.133914120702629980e-03
1.388872800000000041e+02,-2.685667584067852331e-03
1.388934000000000140e+02,-2.745217970437752175e-03
1.388995199999999954e+02,-1.907003451227268220e-03
1.389056400000000053e+02,-2.535905155882006712e-03
1.389117599999999868e+02,-2.952301998144390982e-03
1.389178799999999967e+02,-2.892938153666591017e-03
1.389239999999999782e+02,-2.590972707382011020e-03
1.389301199999999881e+02,-3.657639387382005669e-03
1.389362399999999980e+02,-3.365892162014189060e-03
1.389423599999999794e+02,-2.727889784061243716e-03
1.389484800000000178e+02,-2.775481281544228684e-03
1.389545999999999992e+02,-3.044068167165514538e-03
1.389607200000000091e+02,-3.572308525130768464e-03
1.389668400000000190e+02,-2.683869398136168316e-03
1.389729600000000005e+02,-2.857639377382009682e-03
1.389790800000000104e+02,-3.172141603645733943e-03
1.389851999999999919e+02,-2.600580780702632655e-03
1.389913200000000018e+02,-2.867247450702631317e-03
1.389974400000000117e+02,-2.625140961855620958e-03
1.390035599999999931e+02,-3.390972717382007007e-03
1.390096800000000030e+02,-3.124306047382008344e-03
1.390157999999999845e+02,-3.017742055489575081e-03
1.390219199999999944e+02,-3.534479386173738913e-03
1.390280400000000043e+02,-2.752205906827565052e-03
1.390341599999999858e+02,-2.581364635097366245e-03
1.390402799999999957e+02,-3.165462238696459263e-03
1.390463999999999771e+02,-2.834209717260227634e-03
1.390525200000000154e+02,-2.318602908450623223e-03
1.390586400000000253e+02,-2.826399830552578374e-03
1.390647600000000068e+02,-1.937870929818286125e-03
1.390708800000000167e+02,-2.523612434600031040e-03
1.390769999999999982e+02,-2.911486634412152608e-03
1.390831200000000081e+02,-2.440786673832129328e-03
1.390892399999999895e+02,-3.331422331642408530e-03
1.390953599999999994e+02,-3.319553215806292368e-03
1.391014800000000093e+02,-3.124306047382008344e-03
1.391075999999999908e+02,-3.097947679744250671e-03
1.391137200000000007e+02,-1.749007530936846910e-03
1.391198399999999822e+02,-2.848031305097364907e-03
1.391259599999999921e+02,-3.335327274589267033e-03
1.391320800000000020e+02,-2.931011351366474837e-03
1.391381999999999834e+02,-2.581364635097366245e-03
1.391443199999999933e+02,-3.509405825516648258e-03
1.391504399999999748e+02,-3.216380787777639583e-03
1.391565600000000131e+02,-3.198654257205946205e-03
1.391626800000000230e+02,-3.334351038749822083e-03
1.391688000000000045e+02,-3.381364645097362231e-03
1.391749200000000144e+02,-3.649983786775140571e-03
1.391810399999999959e+02,-3.365590585581418326e-03
1.391871600000000058e+02,-3.167414710374238940e-03
1.391932800000000157e+02,-3.114697975097363569e-03
1.391993999999999971e+02,-3.212475844410478398e-03
1.392055200000000070e+02,-2.838423231776743272e-03
1.392116399999999885e+02,-3.714415351930927534e-03
1.392177599999999984e+02,-3.139925821182887322e-03
1.392238800000000083e+02,-3.045539515406342490e-03
1.392299999999999898e+02,-2.828815158456121637e-03
1.392361199999999997e+02,-3.105244186878103330e-03
1.392422399999999811e+02,-3.069791126357662714e-03
1.392483599999999910e+02,-3.341184689620080306e-03
1.392544800000000009e+02,-3.259335164542104257e-03
1.392606000000000108e+02,-3.448724917561790670e-03
1.392667200000000207e+02,-3.513156483288371046e-03
1.392728400000000022e+02,-2.880401372988256048e-03
1.392789600000000121e+02,-2.295481818456124312e-03
1.392850799999999936e+02,-3.095481828456120299e-03
1.392912000000000035e+02,-2.828815158456121637e-03
1.392973200000000134e+02,-2.569958375194164590e-03
1.393034399999999948e+02,-3.352231854933912514e-03
1.393095600000000047e+02,-3.067838654675830723e-03
1.393156799999999862e+02,-2.977203006460538148e-03
1.393217999999999961e+02,-3.178307589936452127e-03
1.393279200000000060e+02,-3.086541420774746580e-03
1.393340399999999875e+02,-3.095481828456120299e-03
1.393401599999999974e+02,-3.002739423801997765e-03
1.393462799999999788e+02,-2.683356018768318085e-03
1.393523999999999887e+02,-3.371756571776740596e-03
1.393585200000000270e+02,-3.638423241776739259e-03
1.393646400000000085e+02,-3.371756571776740596e-03
1.393707600000000184e+02,-3.139412441350603045e-03
1.393768799999999999e+02,-3.095481828456120299e-03
1.393830000000000098e+02,-3.451140245855882638e-03
1.393891199999999913e+02,-2.969547405293787579e-03
1.393952400000000011e+02,-2.972476112809985249e-03
1.394013600000000110e+02,-2.648211528341715137e-03
1.394074799999999925e+02,-2.890472301867202942e-03
1.394136000000000024e+02,-2.656329985485150758e-03
1.394197199999999839e+02,-2.856149762033521888e-03
1.394258399999999938e+02,-3.887363381515351879e-03
1.394319600000000037e+02,-3.177485639193594613e-03
1.394380799999999851e+02,-2.946272030493135574e-03
1.394441999999999950e+02,-2.723535973643304020e-03
1.394503199999999765e+02,-3.239142782808707155e-03
1.394564399999999864e+02,-2.843612981662774208e-03
1.394625600000000247e+02,-2.809599012850855226e-03
1.394686800000000062e+02,-2.614197559326320031e-03
1.394748000000000161e+02,-3.041943143274883354e-03
1.394809199999999976e+02,-2.842791031420266457e-03
1.394870400000000075e+02,-3.340671309970677516e-03
1.394931600000000174e+02,-3.123946953871248322e-03
1.394992799999999988e+02,-3.085873756171503279e-03
1.395054000000000087e+02,-3.085873756171503279e-03
1.395115199999999902e+02,-3.352540426171501942e-03
1.395176400000000001e+02,-3.223677295011634358e-03
1.395237600000000100e+02,-3.279322737631679141e-03
1.395298799999999915e+02,-3.287954574733797930e-03
1.395360000000000014e+02,-3.258821785326465603e-03
1.395421199999999828e+02,-2.799990939530233591e-03
1.395482399999999927e+02,-2.533324269530234929e-03
1.395543599999999742e+02,-2.774454522533109646e-03
1.395604799999999841e+02,-2.915341054804454490e-03
1.395666000000000224e+02,-3.349766004086096594e-03
1.395727200000000039e+02,-3.085873756171503279e-03
1.395788400000000138e+02,-3.223831580603131464e-03
1.395849599999999953e+02,-3.265964007067218011e-03
1.395910800000000052e+02,-3.686721654378138924e-03
1.395972000000000151e+02,-3.619207096171500604e-03
1.396033199999999965e+02,-3.285180153149297455e-03
1.396094400000000064e+02,-2.538359734856859840e-03
1.396155599999999879e+02,-2.257049527245619247e-03
1.396216799999999978e+02,-3.007107223384042349e-03
1.396278000000000077e+02,-2.989380692901916214e-03
1.396339199999999892e+02,-3.180877203058679603e-03
1.396400399999999991e+02,-3.468044825743643589e-03
1.396461599999999805e+02,-3.394827137987527221e-03
1.396522799999999904e+02,-2.790382867245616572e-03
1.396584000000000003e+02,-3.057049537245615234e-03
1.396645199999999818e+02,-2.815764999044095829e-03
1.396706400000000201e+02,-3.064705137854728534e-03
1.396767600000000016e+02,-2.553003272399434476e-03
1.396828800000000115e+02,-2.523716197245617909e-03
1.396890000000000214e+02,-3.175019788321908898e-03
1.396951200000000028e+02,-3.342932352850852551e-03
1.397012400000000127e+02,-3.471949769110943551e-03
1.397073599999999942e+02,-3.223009629783807339e-03
1.397134800000000041e+02,-3.140029583515530076e-03
1.397195999999999856e+02,-2.955366723737973267e-03
1.397257199999999955e+02,-3.370729812662148772e-03
1.397318400000000054e+02,-3.333324279530230916e-03
1.397379599999999868e+02,-3.333324279530230916e-03
1.397440799999999967e+02,-2.888160736356643055e-03
1.397501999999999782e+02,-3.099849628463269280e-03
1.397563199999999881e+02,-3.273773893791548373e-03
1.397624399999999980e+02,-3.197627497983690503e-03
1.397685599999999795e+02,-2.840170894585186678e-03
1.397746800000000178e+02,-2.514108123924996274e-03
1.397807999999999993e+02,-2.780774793924994936e-03
1.397869200000000092e+02,-2.482868576976271502e-03
1.397930400000000191e+02,-1.971166710604349559e-03
1.397991600000000005e+02,-2.771166720604345546e-03
1.398052800000000104e+02,-2.771166720604345546e-03
1.398113999999999919e+02,-2.504500050604346884e-03
1.398175200000000018e+02,-2.771166720604345546e-03
1.398236400000000117e+02,-2.648006719396633901e-03
1.398297599999999932e+02,-2.397936058713079355e-03
1.398358800000000031e+02,-2.593337512237225972e-03
1.398419999999999845e+02,-2.985938605872429097e-03
1.398481199999999944e+02,-3.037833390604344208e-03
1.398542400000000043e+02,-2.504500050604346884e-03
1.398603599999999858e+02,-2.771166720604345546e-03
1.398664799999999957e+02,-3.266272577660517262e-03
1.398726000000000056e+02,-3.047441463924993599e-03
1.398787200000000155e+02,-2.873671484026341094e-03
1.398848399999999970e+02,-3.037833390604344208e-03
1.398909600000000069e+02,-2.771166720604345546e-03
1.398970800000000168e+02,-2.237833380604348221e-03
1.399031999999999982e+02,-3.037833390604344208e-03
1.399093200000000081e+02,-2.696972796742080902e-03
1.399154399999999896e+02,-2.238141951804217822e-03
1.399215599999999995e+02,-3.269355570354681717e-03
1.399276800000000094e+02,-3.037833390604344208e-03
1.399337999999999909e+02,-2.975200011607559425e-03
1.399399200000000008e+02,-3.050678742316209613e-03
1.399460399999999822e+02,-2.485283904999108229e-03
1.399521599999999921e+02,-3.018617244999133309e-03
1.399582800000000020e+02,-2.313312111685339456e-03
1.399643999999999835e+02,-3.028225318319754944e-03
1.399705199999999934e+02,-2.721532978793295143e-03
1.399766400000000033e+02,-2.485283904999108229e-03
1.399827600000000132e+02,-2.751950574999134647e-03
1.399888800000000231e+02,-3.487210448341049318e-03
1.399950000000000045e+02,-3.511462059134634606e-03
1.400011200000000144e+02,-2.241892609746026777e-03
1.400072399999999959e+02,-2.485283904999108229e-03
1.400133600000000058e+02,-2.610242092791065227e-03
1.400194800000000157e+02,-3.099644820259206401e-03
1.400255999999999972e+02,-2.475675832714518965e-03
1.400317200000000071e+02,-2.475675832714518965e-03
1.400378399999999885e+02,-2.475675832714518965e-03
1.400439599999999984e+02,-2.742342502714517627e-03
1.400500799999999799e+02,-2.979567811459776783e-03
1.400561999999999898e+02,-3.528507951055276370e-03
1.400623199999999997e+02,-2.663113114050819075e-03
1.400684399999999812e+02,-2.475675832714518965e-03
1.400745599999999911e+02,-2.870229397552270800e-03
1.400806800000000010e+02,-2.817512661899224113e-03
1.400868000000000109e+02,-2.565489529645997857e-03
1.400929200000000208e+02,-3.397242465946165302e-03
1.400990400000000022e+02,-3.042342502714512342e-03
1.401051600000000121e+02,-2.475675832714518965e-03
1.401112799999999936e+02,-3.282496518975858146e-03
1.401174000000000035e+02,-2.539131162213936754e-03
1.401235200000000134e+02,-3.042342502714512342e-03
1.401296399999999949e+02,-3.042342502714512342e-03
1.401357600000000048e+02,-2.742342502714517627e-03
1.401418799999999862e+02,-3.205528173450544749e-03
1.401479999999999961e+02,-2.542214155079214333e-03
1.401541200000000060e+02,-2.742342502714517627e-03
1.401602399999999875e+02,-2.720865314187775885e-03
1.401663599999999974e+02,-2.771925174446826512e-03
1.401724799999999789e+02,-2.766067759393864289e-03
1.401785999999999888e+02,-2.981815880502142191e-03
1.401847199999999987e+02,-2.853928985185133493e-03
1.401908400000000086e+02,-2.466067759393869574e-03
1.401969600000000185e+02,-3.166478739765332673e-03
1.402030799999999999e+02,-2.935932795923440475e-03
1.402092000000000098e+02,-3.299401099393861614e-03
1.402153199999999913e+02,-3.032734429393862952e-03
1.402214400000000012e+02,-2.738611126403167617e-03
1.402275600000000111e+02,-1.891886799893577331e-03
1.402336799999999926e+02,-2.165354864485019570e-03
1.402398000000000025e+02,-2.984744588029192292e-03
1.402459199999999839e+02,-3.309009172714511005e-03
1.402520399999999938e+02,-2.878334881238592269e-03
1.402581600000000037e+02,-2.766067759393864289e-03
1.402642799999999852e+02,-2.533723629276340983e-03
1.402703999999999951e+02,-1.878983930614530617e-03
1.402765199999999766e+02,-2.178983930614525333e-03
1.402826399999999865e+02,-2.178983930614525333e-03
1.402887600000000248e+02,-2.445650600614523995e-03
1.402948800000000062e+02,-2.127924070356390640e-03
1.403010000000000161e+02,-2.721925343935172048e-03
1.403071199999999976e+02,-2.940480142543888675e-03
1.403132400000000075e+02,-2.111328060732053924e-03
1.403193600000000174e+02,-2.039382205190704012e-03
1.403254799999999989e+02,-2.660576770981970540e-03
1.403316000000000088e+02,-2.370326155669816304e-03
1.403377199999999903e+02,-2.445650600614523995e-03
1.403438400000000001e+02,-2.209247241720252442e-03
1.403499600000000100e+02,-2.155258673935178670e-03
1.403560799999999915e+02,-2.455258673935173386e-03
1.403622000000000014e+02,-2.721925343935172048e-03
1.403683199999999829e+02,-2.524725703826918854e-03
1.403744399999999928e+02,-2.275785564085669455e-03
1.403805599999999743e+02,-2.187770053191123720e-03
1.403866800000000126e+02,-2.988592013935170710e-03
1.403928000000000225e+02,-2.900730788143512928e-03
1.403989200000000039e+02,-2.118457308402182937e-03
1.404050400000000138e+02,-2.202567875926708663e-03
1.404111599999999953e+02,-2.439793185561589528e-03
1.404172800000000052e+02,-1.624186375820652062e-03
1.404234000000000151e+02,-2.624301759724168015e-03
1.404295199999999966e+02,-2.521796996299840998e-03
1.404356400000000065e+02,-2.006190186558592936e-03
1.404417599999999879e+02,-2.581501667769575681e-03
1.404478799999999978e+02,-2.327526063717999527e-03
1.404540000000000077e+02,-2.526832460611083686e-03
1.404601199999999892e+02,-2.382195270877157656e-03
1.404662399999999991e+02,-2.133255131270661575e-03
1.404723599999999806e+02,-1.910673360134063081e-03
1.404784799999999905e+02,-2.941886978682417553e-03
1.404846000000000004e+02,-2.712317270614522657e-03
1.404907200000000103e+02,-2.306203161052927664e-03
1.404968400000000202e+02,-2.426434455009285340e-03
1.405029600000000016e+02,-2.426434455009285340e-03
1.405090800000000115e+02,-1.893101115009288016e-03
1.405151999999999930e+02,-2.426434455009285340e-03
1.405213200000000029e+02,-2.426434455009285340e-03
1.405274400000000128e+02,-2.237866652232439746e-03
1.405335599999999943e+02,-2.955554280446637261e-03
1.405396800000000042e+02,-1.924340661898282789e-03
1.405457999999999856e+02,-2.159767785009286678e-03
1.405519199999999955e+02,-2.159767785009286678e-03
1.405580400000000054e+02,-2.426434455009285340e-03
1.405641599999999869e+02,-2.426434455009285340e-03
1.405702799999999968e+02,-2.159767785009286678e-03
1.405763999999999783e+02,-2.426434455009285340e-03
1.405825199999999882e+02,-2.021142295428574043e-03
1.405886399999999981e+02,-1.957841250791070298e-03
1.405947600000000079e+02,-2.426434455009285340e-03
1.406008800000000178e+02,-2.426434455009285340e-03
1.406069999999999993e+02,-2.190185381215431493e-03
1.406131200000000092e+02,-1.998997442043098927e-03
1.406192400000000191e+02,-1.960769958673586055e-03
1.406253600000000006e+02,-2.837738314743737389e-03
1.406314800000000105e+02,-2.299523795533386927e-03
1.406375999999999920e+02,-2.317250325792552523e-03
1.406437200000000018e+02,-1.801643516321504990e-03
1.406498400000000117e+02,-1.687423923392161740e-03
1.406559599999999932e+02,-2.150159711688637287e-03
1.406620800000000031e+02,-2.683493051688634612e-03
1.406681999999999846e+02,-2.150159711688637287e-03
1.406743199999999945e+02,-1.993140027002821002e-03
1.406804399999999760e+02,-2.048785469551811511e-03
1.406865599999999858e+02,-2.188232909529991277e-03
1.406926799999999957e+02,-2.303583024490712949e-03
1.406988000000000056e+02,-1.905124515967249188e-03
1.407049200000000155e+02,-2.617930965165632395e-03
1.407110399999999970e+02,-2.635657495424159613e-03
1.407171600000000069e+02,-2.140551638368015652e-03
1.407232800000000168e+02,-2.140551638368015652e-03
1.407293999999999983e+02,-2.649324797214025473e-03
1.407355200000000082e+02,-2.631598266955859078e-03
1.407416399999999896e+02,-1.864122610650054135e-03
1.407477599999999995e+02,-1.651148911699124033e-03
1.407538800000000094e+02,-3.082927796217549421e-03
1.407599999999999909e+02,-2.321000984060656025e-03
1.407661200000000008e+02,-2.072060844319378869e-03
1.407722399999999823e+02,-2.673884978368012977e-03
1.407783599999999922e+02,-2.140551638368015652e-03
1.407844800000000021e+02,-2.140551638368015652e-03
1.407905999999999835e+02,-2.140551638368015652e-03
1.407967199999999934e+02,-1.873884968368016990e-03
1.408028400000000033e+02,-2.216852319868234389e-03
1.408089600000000132e+02,-2.293974951107335958e-03
1.408150800000000231e+02,-2.271521526820308168e-03
1.408212000000000046e+02,-1.914219209538381428e-03
1.408273200000000145e+02,-1.554810134559436730e-03
1.408334399999999960e+02,-1.820191997253084448e-03
1.408395600000000059e+02,-2.371251868346607727e-03
1.408456799999999873e+02,-1.855645058604749043e-03
1.408517999999999972e+02,-1.835966056661725299e-03
1.408579200000000071e+02,-2.176980935763211944e-03
1.408640399999999886e+02,-2.121335492762776997e-03
1.408701599999999985e+02,-2.287295585923304619e-03
1.408762799999999800e+02,-2.525651416502683322e-03
1.408823999999999899e+02,-2.121335492762776997e-03
1.408885199999999998e+02,-2.121335492762776997e-03
1.408946399999999812e+02,-2.388002162762775660e-03
1.409007600000000195e+02,-2.150622568027560355e-03
1.409068800000000010e+02,-2.132896037760012575e-03
1.409130000000000109e+02,-2.915169516568477670e-03
1.409191200000000208e+02,-2.226768963511843724e-03
1.409252400000000023e+02,-2.317558897029364795e-03
1.409313600000000122e+02,-2.664276906083395957e-03
1.409374799999999937e+02,-2.539164432659779536e-03
1.409436000000000035e+02,-2.064559528639292596e-03
1.409497200000000134e+02,-2.285497400052544092e-03
1.409558399999999949e+02,-2.338059849713941540e-03
1.409619600000000048e+02,-1.886884605553473815e-03
1.409680799999999863e+02,-2.130943566083398633e-03
1.409741999999999962e+02,-2.664276906083395957e-03
1.409803200000000061e+02,-2.437790190710220628e-03
1.409864399999999875e+02,-1.989697939924539583e-03
1.409925599999999974e+02,-1.740603515371058618e-03
1.409986799999999789e+02,-1.722876984569465808e-03
1.410048000000000172e+02,-1.887038891091985526e-03
1.410109199999999987e+02,-1.748413401770426701e-03
1.410170400000000086e+02,-2.121335492762776997e-03
1.410231600000000185e+02,-2.388002162762775660e-03
1.410292800000000000e+02,-2.380192276055126399e-03
1.410354000000000099e+02,-2.131252137246686384e-03
1.410415199999999913e+02,-1.082311987580047985e-03
1.410476400000000012e+02,-1.770866826476785727e-03
1.410537600000000111e+02,-2.286473635563446294e-03
1.410598799999999926e+02,-1.973923881155387194e-03
1.410660000000000025e+02,-2.351881437189784485e-03
1.410721199999999840e+02,-2.478792096429704994e-03
1.410782399999999939e+02,-1.512986279056827144e-03
1.410843600000000038e+02,-1.644932402700055585e-03
1.410904799999999852e+02,-2.398740757025619175e-03
1.410965999999999951e+02,-2.647680896767590220e-03
1.411027199999999766e+02,-1.967244515682614603e-03
1.411088400000000149e+02,-1.568786007157513263e-03
1.411149600000000248e+02,-2.013127600424435837e-03
1.411210800000000063e+02,-1.694720430790830346e-03
1.411272000000000162e+02,-2.081464108913605449e-03
1.411333199999999977e+02,-2.100988825538108173e-03
1.411394400000000076e+02,-1.429184281733691941e-03
1.411455599999999890e+02,-1.763056939741353135e-03
1.411516799999999989e+02,-1.586512537414513924e-03
1.411578000000000088e+02,-2.351059486900536344e-03
1.411639199999999903e+02,-2.409787922527079074e-03
1.411700400000000002e+02,-1.835452677157511925e-03
1.411761599999999817e+02,-1.749389637949183562e-03
1.411822799999999916e+02,-2.071856036052949213e-03
1.411884000000000015e+02,-1.685112357470819333e-03
1.411945199999999829e+02,-1.736852857103399206e-03
1.412006399999999928e+02,-1.630443150312049783e-03
1.412067599999999743e+02,-1.524855394263224806e-03
1.412128800000000126e+02,-1.809248594583284797e-03
1.412190000000000225e+02,-1.026975115774847458e-03
1.412251200000000040e+02,-1.282903191552275945e-03
1.412312400000000139e+02,-1.704637074560144683e-03
1.412373599999999954e+02,-1.918587008838790187e-03
1.412434800000000052e+02,-1.559177933836891627e-03
1.412496000000000151e+02,-1.825844603836890290e-03
1.412557199999999966e+02,-1.559177933836891627e-03
1.412618400000000065e+02,-1.218317340112878844e-03
1.412679599999999880e+02,-1.329762511798115998e-03
1.412740799999999979e+02,-1.539653217067282753e-03
1.412802000000000078e+02,-1.557379748259896113e-03
1.412863199999999892e+02,-7.751062685484033654e-04
1.412924399999999991e+02,-1.434219746280385177e-03
1.412985599999999806e+02,-1.639383558691503984e-03
1.413046799999999905e+02,-1.708696303221152180e-03
1.413108000000000004e+02,-1.559177933836891627e-03
1.413169200000000103e+02,-1.721387369121502031e-03
1.413230400000000202e+02,-1.205780560023850256e-03
1.413291600000000017e+02,-1.106204503942165296e-03
1.413352800000000116e+02,-1.780937755181344340e-03
1.413413999999999930e+02,-1.016390806635319999e-03
1.413475200000000029e+02,-1.006628448231627893e-03
1.413536400000000128e+02,-1.806628458231623879e-03
1.413597599999999943e+02,-1.196018201603754605e-03
1.413658800000000042e+02,-1.120848041759159308e-03
1.413719999999999857e+02,-1.141348994443902587e-03
1.413781199999999956e+02,-1.068131306286246307e-03
1.413842400000000055e+02,-8.104050439650123394e-04
1.413903599999999869e+02,-6.872450427580500953e-04
1.413964799999999968e+02,-1.047784638702531357e-03
1.414025999999999783e+02,-1.545664918182115821e-03
1.414087199999999882e+02,-7.889278554385481534e-04
1.414148400000000265e+02,-1.483340109389441608e-03
1.414209600000000080e+02,-6.219915271560572112e-04
1.414270800000000179e+02,-4.540789626263919132e-04
1.414331999999999994e+02,-8.583948858495449308e-04
1.414393200000000093e+02,-5.740016850717954977e-04
1.414454400000000192e+02,-1.107335025380656868e-03
1.414515600000000006e+02,-1.043057745418185522e-03
1.414576800000000105e+02,-1.502042875595493987e-03
1.414637999999999920e+02,-1.883885284635622437e-04
1.414699200000000019e+02,-9.706620072730542947e-04
1.414760399999999834e+02,-7.303537049110075952e-04
1.414821599999999933e+02,-9.970203749110062574e-04
1.414882800000000032e+02,-9.970203749110062574e-04
1.414943999999999846e+02,-7.303537049110075952e-04
1.415005199999999945e+02,-6.171103476496631046e-04
1.415066399999999760e+02,-3.592298005166139063e-04
1.415127599999999859e+02,-1.481387637704334459e-03
1.415188800000000242e+02,-9.970203749110062574e-04
1.415250000000000057e+02,-7.264487615577519541e-04
1.415311200000000156e+02,-1.010841962749309264e-03
1.415372399999999971e+02,-7.207456326263905755e-04
1.415433600000000069e+02,-9.874123026263892378e-04
1.415494800000000168e+02,-1.874122926263932509e-04
1.415555999999999983e+02,-1.874122926263932509e-04
1.415617200000000082e+02,-5.900520591533287007e-04
1.415678399999999897e+02,-4.099365461316673009e-04
1.415739599999999996e+02,1.233967938683300236e-04
1.415800800000000095e+02,8.495750755216358030e-05
1.415861999999999910e+02,-4.609126134957064469e-04
1.415923200000000008e+02,-7.098527523031195052e-04
1.415984399999999823e+02,-7.685811887117033336e-04
1.416045599999999922e+02,-9.229380982547774614e-05
1.416106800000000021e+02,6.173965032940653686e-05
1.416167999999999836e+02,3.165499636859081534e-06
1.416229200000000219e+02,5.187723088925788595e-04
1.416290400000000034e+02,-4.824865696856084352e-04
1.416351600000000133e+02,6.857330081405654809e-05
1.416412799999999947e+02,-6.907595226940399513e-05
1.416474000000000046e+02,-1.435784473337864409e-04
1.416535200000000145e+02,-3.747920558821171699e-04
1.416596399999999960e+02,-1.432698761316686387e-04
1.416657600000000059e+02,3.274300841067112611e-04
1.416718799999999874e+02,2.908534958736275211e-04
1.416779999999999973e+02,-5.527110381604583011e-04
1.416841200000000072e+02,-1.658775860581829242e-04
1.416902399999999886e+02,5.812514027884740919e-04
1.416963599999999985e+02,3.996715361529179500e-04
1.417024799999999800e+02,9.297919677742072508e-05
1.417085999999999899e+02,-1.051966783832125607e-04
1.417147199999999998e+02,6.416237389725298890e-04
1.417208399999999813e+02,7.179244205278434432e-04
1.417269600000000196e+02,2.919003464763036959e-05
1.417330800000000011e+02,1.942959211380934637e-04
1.417392000000000110e+02,5.519643275247176906e-04
1.417453200000000209e+02,4.092796094735673407e-04
1.417514400000000023e+02,3.116560252606481729e-04
1.417575600000000122e+02,3.293825557833252038e-04
1.417636799999999937e+02,1.233967938683300236e-04
1.417698000000000036e+02,-9.276501127163938598e-04
1.417759200000000135e+02,1.212900360920421416e-04
1.417820399999999950e+02,1.140788824535332591e-03
1.417881600000000049e+02,4.756636464887942228e-04
1.417942799999999863e+02,8.585023812653636011e-04
1.418003999999999962e+02,1.107442520655227414e-03
1.418065199999999777e+02,5.672755297615461600e-04
1.418126399999999876e+02,8.516687303964376454e-04
1.418187599999999975e+02,6.759462794735660029e-04
1.418248799999999790e+02,7.677124484602726451e-04
1.418310000000000173e+02,6.580654631467008908e-04
1.418371199999999988e+02,6.935185246006447812e-04
1.418432400000000086e+02,6.229209728968176929e-04
1.418493600000000185e+02,1.015676351495548024e-03
1.418554800000000000e+02,9.522210217581539293e-04
1.418616000000000099e+02,6.855543517581552670e-04
1.418677199999999914e+02,6.855543517581552670e-04
1.418738400000000013e+02,9.522210217581539293e-04
1.418799600000000112e+02,8.378471431294554073e-04
1.418860799999999927e+02,1.091668462263162276e-03
1.418922000000000025e+02,4.522339864466984327e-04
1.418983199999999840e+02,6.834475949948071172e-04
1.419044399999999939e+02,1.204911819766785186e-03
1.419105600000000038e+02,7.556890472911748091e-04
1.419166799999999853e+02,1.495162435078800645e-03
1.419227999999999952e+02,3.730045977828055914e-04
1.419289199999999767e+02,4.092796094735673407e-04
1.419350400000000150e+02,8.887656926580278505e-04
1.419411600000000249e+02,1.761829105078799307e-03
1.419472800000000063e+02,1.228495765078801982e-03
1.419534000000000162e+02,1.277307557095097579e-03
1.419595199999999977e+02,1.508521165643206263e-03
1.419656400000000076e+02,1.022355717176542944e-03
1.419717599999999891e+02,6.951624250788046577e-04
1.419778799999999990e+02,7.704868700231792822e-04
1.419840000000000089e+02,1.116228643234767892e-03
1.419901199999999903e+02,1.098502112975602296e-03
1.419962400000000002e+02,1.238103838399451373e-03
1.420023599999999817e+02,1.074096216925168878e-03
1.420084799999999916e+02,8.495619730279346804e-04
1.420146000000000015e+02,2.020377317207777690e-03
1.420207199999999830e+02,1.238103838399451373e-03
1.420268399999999929e+02,1.487043977206864431e-03
1.420329600000000028e+02,2.092773055352908917e-03
1.420390800000000127e+02,1.043832905816777235e-03
1.420452000000000226e+02,1.395432094082466046e-03
1.420513200000000040e+02,1.377705563299802538e-03
1.420574400000000139e+02,1.402111459259863802e-03
1.420635599999999954e+02,1.323036356345952402e-03
1.420696800000000053e+02,1.781045250684037962e-03
1.420758000000000152e+02,1.187185288586078968e-03
1.420819199999999967e+02,6.980911326047167798e-04
1.420880400000000066e+02,1.747031282346711567e-03
1.420941599999999880e+02,1.013569594711383193e-03
1.421002799999999979e+02,1.425695405187388243e-03
1.421064000000000078e+02,1.504770508399450035e-03
1.421125199999999893e+02,1.380634270814140585e-03
1.421186399999999992e+02,1.247711910684040637e-03
1.421247599999999807e+02,1.335573136474976774e-03
1.421308799999999906e+02,1.936266749808734922e-03
1.421370000000000005e+02,1.271295856907633803e-03
1.421431200000000104e+02,1.508521165653059493e-03
1.421492400000000202e+02,1.792914366845643759e-03
1.421553600000000017e+02,1.465566788761391015e-03
1.421614800000000116e+02,1.514378580684039299e-03
1.421675999999999931e+02,1.514378580684039299e-03
1.421737200000000030e+02,1.247711910684040637e-03
1.421798400000000129e+02,1.514378580684039299e-03
1.421859599999999944e+02,1.605168514001248381e-03
1.421920800000000042e+02,1.523986654004688690e-03
1.421981999999999857e+02,1.487865927846138137e-03
1.422043199999999956e+02,1.256498033262970493e-03
1.422104400000000055e+02,1.505438173004941538e-03
1.422165599999999870e+02,9.906533140046913655e-04
1.422226799999999969e+02,1.523986654004688690e-03
1.422287999999999784e+02,1.433042435586118213e-03
1.422349199999999882e+02,1.651873549323196189e-03
1.422410400000000266e+02,1.523986654004688690e-03
1.422471600000000080e+02,9.906533140046913655e-04
1.422532800000000179e+02,1.523986654004688690e-03
1.422593999999999994e+02,1.523986654004688690e-03
1.422655200000000093e+02,1.002368144110671322e-03
1.422716399999999908e+02,1.784641623851473957e-03
1.422777600000000007e+02,1.566941031058172173e-03
1.422838800000000106e+02,1.729972416693009718e-03
1.422899999999999920e+02,1.445579215763131975e-03
1.422961200000000019e+02,1.773903029120033059e-03
1.423022399999999834e+02,8.666713620558430531e-04
1.423083599999999933e+02,8.843978926767193105e-04
1.423144800000000032e+02,5.767293177202648113e-04
1.423205999999999847e+02,9.486751727943165680e-04
1.423267199999999946e+02,1.010332315945633441e-03
1.423328399999999760e+02,1.508212595429353486e-03
1.423389599999999859e+02,2.242341946932596697e-03
1.423450800000000243e+02,1.735675546135934111e-03
1.423512000000000057e+02,1.085348190690532677e-03
1.423573200000000156e+02,1.144898577060432521e-03
1.423634399999999971e+02,1.520749375801239145e-03
1.423695600000000070e+02,1.620325431509472836e-03
1.423756800000000169e+02,1.194686605007072577e-03
1.423817999999999984e+02,1.035560162742116264e-03
1.423879200000000083e+02,1.568739217575026990e-03
1.423940399999999897e+02,2.333286166123132999e-03
1.424001599999999996e+02,1.874455321187601387e-03
1.424062800000000095e+02,1.266928057325339418e-03
1.424123999999999910e+02,1.451436630794139537e-03
1.424185200000000009e+02,1.119362159617692809e-03
1.424246399999999824e+02,1.137088690324056239e-03
1.424307599999999923e+02,1.728996180465180998e-03
1.424368799999999737e+02,1.960209789014122350e-03
1.424429999999999836e+02,1.952245616783365723e-03
1.424491200000000219e+02,1.041263292620331349e-03
1.424552400000000034e+02,1.539143571166357027e-03
1.424613600000000133e+02,1.068597896146467052e-03
1.424674799999999948e+02,1.696471827053819270e-03
1.424736000000000047e+02,1.444602980257975178e-03
1.424797200000000146e+02,1.266928057325339418e-03
1.424858399999999961e+02,1.665232279914580227e-03
1.424919600000000059e+02,1.723652144661469432e-03
1.424980799999999874e+02,9.413786655613209930e-04
1.425041999999999973e+02,1.276536129609928683e-03
1.425103200000000072e+02,1.276536129609928683e-03
1.425164399999999887e+02,1.276536129609928683e-03
1.425225599999999986e+02,1.009869459609930020e-03
1.425286799999999801e+02,1.543202799609927345e-03
1.425347999999999900e+02,1.847634096535932802e-03
1.425409199999999998e+02,2.312630927877923348e-03
1.425470400000000097e+02,1.548083979328623849e-03
1.425531600000000196e+02,8.419568953951239720e-04
1.425592800000000011e+02,1.624230374505902796e-03
1.425654000000000110e+02,1.819477542930575398e-03
1.425715200000000209e+02,1.552810872930576735e-03
1.425776400000000024e+02,1.552810872930576735e-03
1.425837600000000123e+02,1.304846969030548642e-03
1.425898799999999937e+02,1.497165429929198099e-03
1.425960000000000036e+02,1.286144202930578073e-03
1.426021199999999851e+02,1.019477532930579411e-03
1.426082399999999950e+02,1.552810872930576735e-03
1.426143600000000049e+02,1.708186656928512015e-03
1.426204799999999864e+02,1.276536129609928683e-03
1.426265999999999963e+02,1.333157808452362092e-03
1.426327199999999777e+02,1.315431278083339928e-03
1.426388399999999876e+02,1.562418945215166000e-03
1.426449599999999975e+02,2.095752285215163324e-03
1.426510800000000074e+02,1.338860938207203644e-03
1.426572000000000173e+02,1.356587468663128515e-03
1.426633199999999988e+02,1.276536129609928683e-03
1.426694400000000087e+02,1.559644523294712037e-03
1.426755600000000186e+02,1.981532692114373884e-03
1.426816800000000001e+02,1.726580852503378782e-03
1.426878000000000100e+02,1.719592916018336526e-03
1.426939199999999914e+02,1.552810872930576735e-03
1.427000400000000013e+02,1.824358722122138010e-03
1.427061600000000112e+02,1.006632180930583376e-03
1.427122799999999927e+02,1.562418945215166000e-03
1.427184000000000026e+02,1.761571057008554098e-03
1.427245199999999841e+02,1.761725342754510981e-03
1.427306399999999940e+02,1.430627107022491851e-03
1.427367600000000039e+02,1.445270644599927490e-03
1.427428799999999853e+02,1.286144202930578073e-03
1.427489999999999952e+02,1.348623296592604826e-03
1.427551200000000051e+02,1.793941125030229511e-03
1.427612400000000150e+02,1.301763976377379173e-03
1.427673599999999965e+02,2.066310924923403514e-03
1.427734800000000064e+02,1.609278265637698047e-03
1.427796000000000163e+02,1.764499764535271131e-03
1.427857199999999978e+02,1.581121711971500421e-03
1.427918400000000076e+02,1.838026023378708240e-03
1.427979599999999891e+02,1.149162613795634558e-03
1.428040799999999990e+02,1.572027018535815390e-03
1.428102000000000089e+02,1.838693688535814053e-03
1.428163199999999904e+02,1.838693688535814053e-03
1.428224400000000003e+02,1.817216500048179917e-03
1.428285599999999818e+02,1.319336221502154238e-03
1.428346799999999917e+02,1.484165792909275527e-03
1.428408000000000015e+02,1.633684161690324155e-03
1.428469199999999830e+02,1.829085615215164662e-03
1.428530399999999929e+02,1.712759264901886347e-03
1.428591600000000028e+02,1.715687972428298069e-03
1.428652800000000127e+02,1.924756727743393014e-03
1.428714000000000226e+02,1.770357179586540264e-03
1.428775200000000041e+02,1.603420850583930912e-03
1.428836400000000140e+02,1.838693688535814053e-03
1.428897599999999954e+02,1.305360348535816728e-03
1.428958800000000053e+02,1.870087520583763041e-03
1.429020000000000152e+02,2.037023849587704660e-03
1.429081199999999967e+02,1.838693688535814053e-03
1.429142400000000066e+02,1.572027018535815390e-03
1.429203599999999881e+02,2.105360358535812715e-03
1.429264799999999980e+02,1.838693688535814053e-03
1.429325999999999794e+02,2.034095142061820294e-03
1.429387199999999893e+02,1.916946841004157909e-03
1.429448399999999992e+02,2.114968431856462106e-03
1.429509599999999807e+02,2.114968431856462106e-03
1.429570799999999906e+02,1.905232010900481665e-03
1.429632000000000005e+02,1.506619217113619458e-03
1.429693200000000104e+02,2.205758364486581913e-03
1.429754400000000203e+02,2.078847705246439359e-03
1.429815600000000018e+02,1.976497227375417776e-03
1.429876800000000117e+02,1.930614142797104638e-03
1.429937999999999931e+02,2.105360358535812715e-03
1.429999200000000030e+02,2.372027028535811377e-03
1.430060400000000129e+02,1.899708428614671485e-03
1.430121599999999944e+02,3.210979704601352180e-03
1.430182800000000043e+02,2.722983813678553355e-03
1.430243999999999858e+02,2.114968431856462106e-03
1.430305199999999957e+02,2.461840726011049751e-03
1.430366400000000056e+02,1.731153460801909683e-03
1.430427599999999870e+02,1.983176593170682400e-03
1.430488799999999969e+02,2.314274828358331426e-03
1.430549999999999784e+02,2.770331251375685033e-03
1.430611200000000167e+02,2.155148386485394862e-03
1.430672399999999982e+02,2.429348628577021607e-03
1.430733600000000081e+02,2.958346424828561805e-03
1.430794800000000180e+02,2.450093640193606870e-03
1.430855999999999995e+02,2.381635101856460768e-03
1.430917200000000093e+02,2.381635101856460768e-03
1.430978399999999908e+02,2.543690251040731098e-03
1.431039600000000007e+02,2.391243174141077787e-03
1.431100800000000106e+02,2.657909844141076450e-03
1.431161999999999921e+02,2.657909844141076450e-03
1.431223200000000020e+02,2.552476373389678255e-03
1.431284399999999835e+02,2.372027028535811377e-03
1.431345599999999934e+02,2.105360358535812715e-03
1.431406800000000032e+02,2.619014696592814051e-03
1.431467999999999847e+02,2.334621495509808797e-03
1.431529199999999946e+02,2.924576514141075112e-03
1.431590399999999761e+02,2.657909844141076450e-03
1.431651600000000144e+02,2.786927260917337890e-03
1.431712800000000243e+02,2.758616421603576896e-03
1.431774000000000058e+02,3.017929066621655165e-03
1.431835200000000157e+02,2.906117807207064807e-03
1.431896399999999971e+02,2.924576514141075112e-03
1.431957600000000070e+02,2.659008109465510472e-03
1.432018800000000169e+02,2.672399096907418503e-03
1.432079999999999984e+02,2.968718930635771969e-03
1.432141200000000083e+02,3.015732535975007567e-03
1.432202399999999898e+02,3.113478149748521995e-03
1.432263599999999997e+02,3.077235394079946840e-03
1.432324800000000096e+02,3.318641961644747118e-03
1.432385999999999910e+02,3.405404922185772953e-03
1.432447200000000009e+02,2.866002363833469735e-03
1.432508399999999824e+02,3.479541328685858970e-03
1.432569599999999923e+02,2.932874518786848794e-03
1.432630799999999738e+02,3.461872315035946501e-03
1.432692000000000121e+02,3.286149864234838569e-03
1.432753200000000220e+02,3.012437740004342279e-03
1.432814400000000035e+02,3.650106285719240118e-03
1.432875600000000134e+02,3.607273938109917255e-03
1.432936799999999948e+02,3.055270087613942698e-03
1.432998000000000047e+02,3.135443456214220825e-03
1.433059200000000146e+02,3.260433899509862510e-03
1.433120399999999961e+02,3.463612984320935118e-03
1.433181600000000060e+02,2.932264371404286196e-03
1.433242799999999875e+02,3.478988698844887040e-03
1.433303999999999974e+02,4.035385610635766618e-03
1.433365200000000073e+02,3.768718940635767956e-03
1.433426399999999887e+02,3.039894373088242174e-03
1.433487599999999986e+02,3.235751688405369419e-03
1.433548799999999801e+02,3.925892910629197319e-03
1.433609999999999900e+02,3.860485109450834118e-03
1.433671199999999999e+02,3.713895447581494480e-03
1.433732400000000098e+02,3.726984858349102758e-03
1.433793600000000197e+02,3.202225837375005657e-03
1.433854800000000012e+02,3.748950164816772235e-03
1.433916000000000111e+02,2.975096719012776392e-03
1.433977199999999925e+02,3.624813926949022047e-03
1.434038400000000024e+02,3.669508972640206368e-03
1.434099600000000123e+02,3.892611118607003373e-03
1.434160799999999938e+02,4.164769115223371232e-03
1.434222000000000037e+02,3.564441590501427060e-03
1.434283199999999852e+02,3.836079213488746698e-03
1.434344399999999951e+02,3.471634673542917104e-03
1.434405600000000049e+02,3.502052270635769293e-03
1.434466799999999864e+02,4.035385610635766618e-03
1.434527999999999963e+02,4.003015541866300486e-03
1.434589199999999778e+02,4.578327022920408718e-03
1.434650399999999877e+02,4.132032958643561127e-03
1.434711599999999976e+02,3.958930644178126901e-03
1.434772800000000075e+02,4.222668606654350620e-03
1.434834000000000174e+02,4.666342534482587068e-03
1.434895199999999988e+02,4.578327022920408718e-03
1.434956400000000087e+02,5.111660362920406042e-03
1.435017600000000186e+02,5.127280136394324339e-03
1.435078800000000001e+02,4.842886936136159282e-03
1.435140000000000100e+02,4.617376456604843638e-03
1.435201199999999915e+02,4.521551058976558402e-03
1.435262400000000014e+02,5.022822901972090470e-03
1.435323600000000113e+02,4.723940448951413629e-03
1.435384799999999927e+02,4.578327022920408718e-03
1.435446000000000026e+02,4.578327022920408718e-03
1.435507199999999841e+02,5.451544721078616096e-03
1.435568399999999940e+02,5.342052021661630734e-03
1.435629599999999755e+02,4.844993692920407380e-03
1.435690799999999854e+02,5.111660362920406042e-03
1.435751999999999953e+02,5.111660362920406042e-03
1.435813200000000052e+02,5.857813116503657325e-03
1.435874400000000151e+02,5.654601776241025002e-03
1.435935599999999965e+02,5.387935106241026340e-03
1.435996800000000064e+02,5.257119503396606719e-03
1.436058000000000163e+02,5.008179364042880666e-03
1.436119199999999978e+02,5.521011751722537664e-03
1.436180400000000077e+02,5.654601776241025002e-03
1.436241599999999892e+02,5.654601776241025002e-03
1.436302799999999991e+02,5.921268446241023664e-03
1.436364000000000090e+02,6.164351170928977774e-03
1.436425199999999904e+02,5.766046947343811402e-03
1.436486400000000003e+02,6.021820737979827198e-03
1.436547599999999818e+02,6.464209859561642624e-03
1.436608799999999917e+02,6.197543189561643961e-03
1.436670000000000016e+02,6.357800152770598512e-03
1.436731199999999831e+02,6.691827095578167794e-03
1.436792400000000214e+02,7.231685515533187170e-03
1.436853600000000029e+02,6.691672809830184754e-03
1.436914800000000128e+02,6.193792531281827607e-03
1.436976000000000226e+02,7.533946558457099707e-03
1.437037200000000041e+02,6.512199700926341039e-03
1.437098400000000140e+02,6.837286235636341747e-03
1.437159599999999955e+02,6.815128408031473350e-03
1.437220800000000054e+02,6.615000060817721739e-03
1.437281999999999869e+02,6.454601786241020989e-03
1.437343199999999968e+02,6.536605596978967148e-03
1.437404400000000066e+02,7.352212406515346022e-03
1.437465599999999881e+02,7.546483338369075478e-03
1.437526799999999980e+02,7.564209869561661082e-03
1.437587999999999795e+02,7.066329590080050460e-03
1.437649199999999894e+02,7.454871455242845224e-03
1.437710399999999993e+02,7.491814131415447386e-03
1.437771599999999808e+02,7.740754270848776430e-03
1.437832800000000191e+02,7.570889234841532422e-03
1.437894000000000005e+02,7.564209869561661082e-03
1.437955200000000104e+02,7.830876539561659744e-03
1.438016400000000203e+02,7.412739028716752721e-03
1.438077600000000018e+02,8.025969421963208283e-03
1.438138800000000117e+02,7.290863833768118640e-03
1.438199999999999932e+02,7.539803973508923951e-03
1.438261200000000031e+02,7.830876539561659744e-03
1.438322400000000130e+02,7.564209869561661082e-03
1.438383599999999944e+02,8.000741575453551579e-03
1.438444800000000043e+02,7.822090416480020902e-03
1.438505999999999858e+02,8.203130965611649117e-03
1.438567199999999957e+02,7.918737765023109443e-03
1.438628400000000056e+02,8.313291329861777212e-03
1.438689599999999871e+02,7.630593906700205986e-03
1.438750799999999970e+02,8.377568610115071479e-03
1.438811999999999784e+02,8.395295140373210119e-03
1.438873200000000168e+02,8.413021671483916775e-03
1.438934399999999982e+02,8.031004886446535540e-03
1.438995600000000081e+02,8.279945025902235578e-03
1.439056800000000180e+02,8.650092695166922141e-03
1.439117999999999995e+02,9.301550572063443934e-03
1.439179200000000094e+02,8.835577505169972534e-03
1.439240399999999909e+02,8.777003354405482627e-03
1.439301600000000008e+02,8.560946662431928589e-03
1.439362800000000107e+02,8.640484621846300506e-03
1.439423999999999921e+02,8.107151281846303181e-03
1.439485200000000020e+02,8.604209610586360801e-03
1.439546399999999835e+02,8.853149750327832246e-03
1.439607599999999934e+02,8.926367438487542438e-03
1.439668800000000033e+02,8.629591742482040084e-03
1.439729999999999848e+02,8.761537866268709340e-03
1.439791199999999947e+02,8.383426025166923479e-03
1.439852399999999761e+02,8.383426025166923479e-03
1.439913600000000145e+02,8.916759365166920803e-03
1.439974800000000243e+02,8.696952015507353195e-03
1.440036000000000058e+02,9.959379242599403215e-03
1.440097200000000157e+02,8.555243533058726202e-03
1.440158399999999972e+02,8.238121170565076978e-03
1.440219600000000071e+02,9.076194378000224106e-03
1.440280799999999886e+02,8.258467837374938725e-03
1.440341999999999985e+02,8.383426025166923479e-03
1.440403200000000083e+02,8.650092695166922141e-03
1.440464399999999898e+02,8.580779950376843379e-03
1.440525599999999997e+02,8.373817951846301844e-03
1.440586799999999812e+02,8.373817951846301844e-03
1.440647999999999911e+02,7.840484611846304519e-03
1.440709200000000010e+02,8.343400355640323562e-03
1.440770399999999825e+02,8.801254964810156789e-03
1.440831599999999924e+02,8.935975510772159458e-03
1.440892799999999738e+02,8.781730248295982477e-03
1.440954000000000121e+02,8.405879449534470194e-03
1.441015200000000220e+02,8.039636723640802840e-03
1.441076400000000035e+02,8.731942220533778221e-03
1.441137600000000134e+02,8.891068662202961104e-03
1.441198799999999949e+02,8.393034098487545114e-03
1.441260000000000048e+02,8.126367428487518696e-03
1.441321200000000147e+02,8.126367428487518696e-03
1.441382399999999961e+02,8.393034098487545114e-03
1.441443600000000060e+02,7.839508376695086822e-03
1.441504799999999875e+02,7.878557810134273476e-03
1.441565999999999974e+02,8.246598722169290463e-03
1.441627200000000073e+02,8.023862665063635768e-03
1.441688399999999888e+02,7.925262845009939383e-03
1.441749599999999987e+02,8.707536324571690800e-03
1.441810799999999801e+02,8.402642170772134378e-03
1.441871999999999900e+02,8.402642170772134378e-03
1.441933199999999999e+02,8.160535682833175430e-03
1.441994400000000098e+02,7.859700758487520034e-03
1.442055600000000197e+02,8.501241991161728739e-03
1.442116800000000012e+02,8.198608880369023799e-03
1.442178000000000111e+02,7.848962163726824759e-03
1.442239199999999926e+02,8.508075641721207782e-03
1.442300400000000025e+02,7.500818036722367577e-03
1.442361600000000124e+02,8.301113643379404161e-03
1.442422799999999938e+02,7.063618665500398519e-03
1.442484000000000037e+02,8.128165614048721288e-03
1.442545199999999852e+02,7.569308830772142338e-03
1.442606399999999951e+02,8.053676093565248495e-03
1.442667600000000050e+02,7.464851596377747311e-03
1.442728799999999865e+02,7.722732143510130376e-03
1.442789999999999964e+02,7.971672282826941514e-03
1.442851199999999778e+02,7.845583574092762635e-03
1.442912399999999877e+02,7.659944478684427294e-03
1.442973600000000260e+02,8.581139043941532485e-03
1.443034800000000075e+02,7.569308830772142338e-03
1.443096000000000174e+02,7.569308830772142338e-03
1.443157199999999989e+02,7.550606064671089301e-03
1.443218400000000088e+02,8.112250244092761298e-03
1.443279600000000187e+02,8.305544940108294805e-03
1.443340800000000002e+02,7.789938130678630834e-03
1.443402000000000100e+02,7.035975490772145013e-03
1.443463199999999915e+02,7.413933046773762969e-03
1.443524400000000014e+02,7.578916904092763973e-03
1.443585599999999829e+02,7.902205252722616091e-03
1.443646799999999928e+02,7.292571231224481698e-03
1.443708000000000027e+02,7.047536035770546325e-03
1.443769199999999842e+02,7.563142844576792312e-03
1.443830399999999941e+02,8.078749654223477128e-03
1.443891599999999755e+02,7.668576315432551471e-03
1.443952799999999854e+02,7.321858306377410086e-03
1.444014000000000237e+02,7.446970779799277906e-03
1.444075200000000052e+02,6.778916894092767986e-03
1.444136400000000151e+02,7.132468553716270199e-03
1.444197599999999966e+02,8.240959089115873493e-03
1.444258800000000065e+02,8.108858680228980820e-03
1.444320000000000164e+02,7.583489512083291251e-03
1.444381199999999978e+02,7.103335763794349500e-03
1.444442400000000077e+02,7.488948920669147302e-03
1.444503599999999892e+02,7.986829199962408588e-03
1.444564799999999991e+02,7.092288599022389395e-03
1.444626000000000090e+02,6.778916894092767986e-03
1.444687199999999905e+02,6.778916894092767986e-03
1.444748400000000004e+02,6.335397251232000038e-03
1.444809599999999818e+02,6.851004060272530838e-03
1.444870799999999917e+02,6.762988549382453751e-03
1.444932000000000016e+02,7.063001523114287306e-03
1.444993199999999831e+02,7.045274992854066998e-03
1.445054400000000214e+02,7.064799709698033059e-03
1.445115600000000029e+02,7.864799719698029046e-03
1.445176800000000128e+02,6.706212585438631191e-03
1.445237999999999943e+02,7.460329510858509927e-03
1.445299200000000042e+02,7.184876718278998542e-03
1.445360400000000141e+02,7.167150187673193562e-03
1.445421599999999955e+02,8.085274734126096652e-03
1.445482800000000054e+02,7.036334585175024747e-03
1.445543999999999869e+02,6.798133039698034397e-03
1.445605199999999968e+02,6.798133039698034397e-03
1.445666400000000067e+02,7.262821299676758269e-03
1.445727599999999882e+02,7.617349195303296794e-03
1.445788799999999981e+02,7.439674272703061808e-03
1.445849999999999795e+02,6.657400793332601818e-03
1.445911199999999894e+02,7.044144471450519696e-03
1.445972399999999993e+02,7.255011413134226927e-03
1.446033599999999808e+02,8.346083989604957676e-03
1.446094800000000191e+02,7.780226295986181206e-03
1.446156000000000006e+02,7.621408424757336597e-03
1.446217200000000105e+02,7.070348553565780625e-03
1.446278400000000204e+02,7.146803520281075350e-03
1.446339600000000019e+02,7.214009507661017784e-03
1.446400800000000118e+02,7.170078895187365076e-03
1.446461999999999932e+02,6.274407773018658707e-03
1.446523200000000031e+02,7.059609959814305835e-03
1.446584400000000130e+02,7.163090958883927550e-03
1.446645599999999945e+02,6.541074443018657369e-03
1.446706800000000044e+02,7.118338395749573833e-03
1.446767999999999859e+02,7.084015855303299469e-03
1.446829199999999958e+02,6.817349185303300807e-03
1.446890399999999772e+02,6.845814310719539053e-03
1.446951599999999871e+02,6.751941384126103340e-03
1.447012799999999970e+02,7.084015855303299469e-03
1.447074000000000069e+02,6.817349185303300807e-03
1.447135200000000168e+02,6.412878976464309044e-03
1.447196399999999983e+02,7.360290598623919767e-03
1.447257600000000082e+02,7.286096674622544178e-03
1.447318800000000181e+02,7.037156535056487972e-03
1.447379999999999995e+02,6.846790546628928054e-03
1.447441200000000094e+02,7.344670825179339113e-03
1.447502399999999909e+02,7.652493685620015418e-03
1.447563600000000008e+02,6.764478164728499054e-03
1.447624800000000107e+02,7.173829552778121510e-03
1.447685999999999922e+02,6.924889413634421897e-03
1.447747200000000021e+02,7.071324789897220908e-03
1.447808399999999835e+02,7.255833363517510959e-03
1.447869599999999934e+02,7.084015855303299469e-03
1.447930800000000033e+02,7.034227827541567057e-03
1.447991999999999848e+02,6.830194537302131108e-03
1.448053199999999947e+02,6.812468006110572460e-03
1.448114400000000046e+02,7.305467106363150442e-03
1.448175600000000145e+02,6.286276887997016560e-03
1.448236800000000244e+02,7.012750639158543686e-03
1.448298000000000059e+02,7.360290598623919767e-03
1.448359200000000158e+02,7.360290598623919767e-03
1.448420399999999972e+02,6.612185373760598450e-03
1.448481600000000071e+02,7.154459121772815955e-03
1.448542799999999886e+02,7.403399260777820956e-03
1.448603999999999985e+02,7.360290598623919767e-03
1.448665200000000084e+02,7.626957268623918429e-03
1.448726399999999899e+02,7.073944926679759382e-03
1.448787599999999998e+02,8.169898681944537389e-03
1.448848799999999812e+02,7.636565341944540064e-03
1.448909999999999911e+02,7.471581484625983149e-03
1.448971200000000010e+02,7.222641344884567216e-03
1.449032399999999825e+02,7.571311825621152014e-03
1.449093599999999924e+02,7.903232011944538726e-03
1.449154800000000023e+02,7.791941125943169233e-03
1.449216000000000122e+02,7.112326694726112120e-03
1.449277200000000221e+02,7.361266834467056208e-03
1.449338400000000036e+02,7.343540304207862857e-03
1.449399600000000135e+02,7.147316899940192592e-03
1.449460799999999949e+02,7.165043430200440655e-03
1.449522000000000048e+02,7.350682525303298132e-03
1.449583200000000147e+02,6.957927146569675703e-03
1.449644399999999962e+02,7.626957268623918429e-03
1.449705600000000061e+02,7.626957268623918429e-03
1.449766799999999876e+02,7.626957268623918429e-03
1.449827999999999975e+02,7.862384391676219275e-03
1.449889200000000073e+02,7.091825742041341085e-03
1.449950399999999888e+02,7.856372691523005880e-03
1.450011599999999987e+02,8.156931300781822269e-03
1.450072799999999802e+02,8.877059518560520557e-03
1.450133999999999901e+02,8.691574708907440217e-03
1.450195200000000000e+02,8.319262765416141070e-03
1.450256400000000099e+02,7.937554551518399837e-03
1.450317600000000198e+02,7.706186656937313861e-03
1.450378800000000012e+02,7.626957268623918429e-03
1.450440000000000111e+02,8.126122354149278859e-03
1.450501199999999926e+02,7.631016497090942208e-03
1.450562400000000025e+02,8.128896776576965966e-03
1.450623600000000124e+02,8.474792834887251436e-03
1.450684799999999939e+02,8.320971177947528163e-03
1.450746000000000038e+02,8.285216540506817884e-03
1.450807199999999852e+02,8.436565351944536051e-03
1.450868399999999951e+02,8.303887050940955694e-03
1.450929600000000050e+02,9.280707777403252035e-03
1.450990799999999865e+02,8.674888926306689729e-03
1.451051999999999964e+02,8.515396396091334807e-03
1.451113199999999779e+02,8.736237499109456017e-03
1.451174399999999878e+02,8.473906372857886726e-03
1.451235600000000261e+02,8.703232021944534713e-03
1.451296800000000076e+02,8.870136094754954570e-03
1.451358000000000175e+02,8.914831140442808222e-03
1.451419199999999989e+02,8.604599945849777942e-03
1.451480400000000088e+02,8.876757942447716099e-03
1.451541599999999903e+02,8.703232021944534713e-03
1.451602800000000002e+02,8.779012328999830084e-03
1.451664000000000101e+02,9.014041107403253372e-03
1.451725199999999916e+02,9.280707777403252035e-03
1.451786400000000015e+02,9.280707777403252035e-03
1.451847599999999829e+02,8.815197566474836099e-03
1.451908799999999928e+02,9.064105450124704255e-03
1.451970000000000027e+02,9.460335172353673272e-03
1.452031199999999842e+02,9.766693679489596436e-03
1.452092399999999941e+02,9.643809992858465296e-03
1.452153599999999756e+02,9.339924331229432219e-03
1.452214799999999855e+02,9.030579599255933454e-03
1.452276000000000238e+02,9.284889036009325025e-03
1.452337200000000053e+02,9.547374447403250697e-03
1.452398400000000152e+02,9.814041117403249359e-03
1.452459599999999966e+02,1.031793309703923911e-02
1.452520800000000065e+02,1.035698253072386832e-02
1.452582000000000164e+02,9.337271938520685932e-03
1.452643199999999979e+02,9.435749728920472812e-03
1.452704400000000078e+02,9.814041117403249359e-03
1.452765599999999893e+02,9.914593409141303493e-03
1.452826799999999992e+02,1.028376484256479650e-02
1.452888000000000090e+02,1.002908931738025200e-02
1.452949199999999905e+02,9.769898701944529362e-03
1.453010400000000004e+02,1.006989870194452408e-02
1.453071599999999819e+02,1.060673864057626314e-02
1.453132799999999918e+02,9.928466534139257504e-03
1.453193999999999733e+02,9.679108768626182302e-03
1.453255200000000116e+02,9.947817683726850602e-03
1.453316400000000215e+02,9.933540234570575889e-03
1.453377600000000029e+02,9.503232031944530700e-03
1.453438800000000128e+02,1.049837646256343571e-02
1.453499999999999943e+02,1.081992414263696634e-02
1.453561200000000042e+02,1.062739387897673748e-02
1.453622400000000141e+02,1.064078486548511449e-02
1.453683599999999956e+02,1.064057306281199211e-02
1.453744800000000055e+02,1.060323204194454916e-02
1.453805999999999869e+02,1.086989871194454782e-02
1.453867199999999968e+02,1.033656537194452274e-02
1.453928400000000067e+02,1.102036106073564503e-02
1.453989599999999882e+02,1.102045083419431193e-02
1.454050799999999981e+02,1.092364920072386170e-02
1.454111999999999796e+02,1.140524204109247264e-02
1.454173199999999895e+02,1.093844702345589393e-02
1.454234399999999994e+02,1.118738716319683801e-02
1.454295600000000093e+02,1.121097110850899359e-02
1.454356800000000192e+02,1.118070779740326648e-02
1.454418000000000006e+02,1.091404112740326782e-02
1.454479200000000105e+02,1.161138208888032319e-02
1.454540400000000204e+02,1.076321269017724291e-02
1.454601600000000019e+02,1.135930143874142040e-02
1.454662800000000118e+02,1.126271160814190653e-02
1.454723999999999933e+02,1.145698254072388678e-02
1.454785200000000032e+02,1.139889650819364553e-02
1.454846399999999846e+02,1.113656538194454648e-02
1.454907599999999945e+02,1.034995635845292750e-02
1.454968800000000044e+02,1.166898000356450527e-02
1.455029999999999859e+02,1.184552440515934668e-02
1.455091199999999958e+02,1.194232603894920808e-02
1.455152399999999773e+02,1.158404748530120210e-02
1.455213599999999872e+02,1.171404113740326380e-02
1.455274799999999971e+02,1.153230698566745649e-02
1.455336000000000070e+02,1.172364921072388544e-02
1.455397200000000169e+02,1.119031587072388811e-02
1.455458399999999983e+02,1.145991124823997342e-02
1.455519600000000082e+02,1.144218471704738782e-02
1.455580800000000181e+02,1.155085546647202643e-02
1.455641999999999996e+02,1.157510707688091944e-02
1.455703200000000095e+02,1.183005891711588764e-02
1.455764399999999910e+02,1.115410537110650413e-02
1.455825600000000009e+02,1.138135651903313117e-02
1.455886800000000108e+02,1.163578798493261623e-02
1.455947999999999922e+02,1.118070779740326648e-02
1.456009200000000021e+02,1.124709183454208894e-02
1.456070399999999836e+02,1.199992395300850112e-02
1.456131599999999935e+02,1.146659061300850380e-02
1.456192800000000034e+02,1.177246100264636719e-02
1.456253999999999849e+02,1.172364921072388544e-02
1.456315199999999948e+02,1.162977628413142117e-02
1.456376400000000046e+02,1.214538309348472955e-02
1.456437600000000145e+02,1.245515842608105328e-02
1.456498799999999960e+02,1.153816440072044647e-02
1.456560000000000059e+02,1.199031588072388410e-02
1.456621200000000158e+02,1.152922399290587374e-02
1.456682399999999973e+02,1.200074590375027617e-02
1.456743600000000072e+02,1.228513910400935716e-02
1.456804799999999886e+02,1.150286562513158639e-02
1.456865999999999985e+02,1.192670626512395970e-02
1.456927200000000084e+02,1.182420150208488008e-02
1.456988399999999899e+02,1.172364921072388544e-02
1.457049599999999998e+02,1.145698254072388678e-02
1.457110799999999813e+02,1.145698254072388678e-02
1.457171999999999912e+02,1.145698254072388678e-02
1.457233200000000011e+02,1.172364921072388544e-02
1.457294399999999825e+02,1.146869737078470841e-02
1.457355599999999924e+02,1.198430417959214789e-02
1.457416800000000023e+02,1.149993691761647119e-02
1.457478000000000122e+02,1.092364920072386170e-02
1.457539200000000221e+02,1.163563369916359447e-02
1.457600400000000036e+02,1.146659061300850380e-02
1.457661600000000135e+02,1.226659062300849978e-02
1.457722799999999950e+02,1.156323796137828652e-02
1.457784000000000049e+02,1.160423986700773180e-02
1.457845200000000148e+02,1.145698254072388678e-02
1.457906399999999962e+02,1.117567233309199604e-02
1.457967600000000061e+02,1.119339886335002365e-02
1.458028799999999876e+02,1.135612167789643023e-02
1.458089999999999975e+02,1.138278861647251672e-02
1.458151199999999790e+02,1.101053418999031752e-02
1.458212399999999889e+02,1.104567868053180080e-02
1.458273599999999988e+02,1.144413718919981560e-02
1.458334799999999802e+02,1.190995597043348342e-02
1.458396000000000186e+02,1.153883206532593797e-02
1.458457200000000000e+02,1.169795850759153266e-02
1.458518400000000099e+02,1.118235169791542694e-02
1.458579600000000198e+02,1.093341155910695917e-02
1.458640800000000013e+02,1.164118254289034371e-02
1.458702000000000112e+02,1.234063026166687393e-02
1.458763199999999927e+02,1.137384820869966062e-02
1.458824400000000026e+02,1.177133048129780368e-02
1.458885600000000125e+02,1.121651995281006120e-02
1.458946799999999939e+02,1.102615396376219192e-02
1.459008000000000038e+02,1.180842744285184875e-02
1.459069199999999853e+02,1.169502980006581483e-02
1.459130399999999952e+02,1.144608966040158715e-02
1.459191600000000051e+02,1.093048285159206601e-02
1.459252799999999866e+02,1.140786217750797138e-02
1.459313999999999965e+02,1.195763724079093593e-02
1.459375199999999779e+02,1.201914009861373978e-02
1.459436400000000162e+02,1.153883206548836360e-02
1.459497599999999977e+02,1.118805482784368532e-02
1.459558800000000076e+02,1.134034761892593890e-02
1.459620000000000175e+02,1.119031587072388811e-02
1.459681199999999990e+02,1.124108013432392750e-02
1.459742400000000089e+02,1.093325727300847872e-02
1.459803599999999904e+02,1.199992395300850112e-02
1.459864800000000002e+02,1.070985355118148075e-02
1.459926000000000101e+02,1.151817682694752931e-02
1.459987199999999916e+02,1.163840812090030652e-02
1.460048400000000015e+02,1.226659062300849978e-02
1.460109599999999830e+02,1.106422716146310270e-02
1.460170799999999929e+02,1.162376458381114697e-02
1.460232000000000028e+02,1.194772059703799738e-02
1.460293199999999842e+02,1.191175415618250799e-02
1.460354399999999941e+02,1.122628231074515592e-02
1.460415599999999756e+02,1.147522245048598899e-02
1.460476800000000139e+02,1.147619868632912543e-02
1.460538000000000238e+02,1.152223605600896650e-02
1.460599200000000053e+02,1.165988530974887416e-02
1.460660400000000152e+02,1.104357192316740566e-02
1.460721599999999967e+02,1.187188277258979796e-02
1.460782800000000066e+02,1.125361691474233150e-02
1.460844000000000165e+02,1.109156176525513682e-02
1.460905199999999979e+02,1.179948703495944939e-02
1.460966400000000078e+02,1.145651968345873239e-02
1.461027599999999893e+02,1.147815115800573937e-02
1.461088799999999992e+02,1.226042463681314976e-02
1.461150000000000091e+02,1.130535741375984782e-02
1.461211199999999906e+02,1.239237076080357269e-02
1.461272400000000005e+02,1.158358462855987869e-02
1.461333599999999819e+02,1.174286535632915185e-02
1.461394799999999918e+02,1.174286535632915185e-02
1.461455999999999733e+02,1.182975034595110109e-02
1.461517200000000116e+02,1.175247342861371336e-02
1.461578400000000215e+02,1.252025765594369511e-02
1.461639600000000030e+02,1.147619868632912543e-02
1.461700800000000129e+02,1.227619869632914917e-02
1.461761999999999944e+02,1.170268540085198095e-02
1.461823200000000043e+02,1.135416920577383970e-02
1.461884400000000142e+02,1.234355896879210657e-02
1.461945599999999956e+02,1.228580676861373844e-02
1.462006800000000055e+02,1.201914009861373978e-02
1.462067999999999870e+02,1.228580676861373844e-02
1.462129199999999969e+02,1.248999434495262628e-02
1.462190400000000068e+02,1.204467651651394688e-02
1.462251599999999883e+02,1.227799688190722716e-02
1.462312799999999982e+02,1.202905674309773243e-02
1.462373999999999796e+02,1.223894744836695470e-02
1.462435199999999895e+02,1.268996840725228337e-02
1.462496399999999994e+02,1.327976914033959788e-02
1.462557600000000093e+02,1.293906283161008752e-02
1.462618800000000192e+02,1.189906309048191502e-02
1.462680000000000007e+02,1.272835017598517027e-02
1.462741200000000106e+02,1.262748931335685998e-02
1.462802399999999921e+02,1.337168959525500411e-02
1.462863600000000019e+02,1.335021240672934484e-02
1.462924800000000118e+02,1.338566546724540007e-02
1.462985999999999933e+02,1.278481756903873667e-02
1.463047200000000032e+02,1.262373865508806259e-02
1.463108399999999847e+02,1.273014836187949528e-02
1.463169599999999946e+02,1.282874818193438515e-02
1.463230800000000045e+02,1.282874818193438515e-02
1.463291999999999859e+02,1.309541485193438382e-02
1.463353199999999958e+02,1.302707834298511003e-02
1.463414399999999773e+02,1.286014201398213985e-02
1.463475599999999872e+02,1.284241548372314079e-02
1.463536800000000255e+02,1.309135562346624981e-02
1.463598000000000070e+02,1.290114391935284766e-02
1.463659200000000169e+02,1.302707834298683087e-02
1.463720399999999984e+02,1.309541485193438382e-02
1.463781600000000083e+02,1.294214582472058561e-02
1.463842800000000182e+02,1.281914010861373576e-02
1.463903999999999996e+02,1.298720695892935373e-02
1.463965200000000095e+02,1.200953202632915051e-02
1.464026399999999910e+02,1.289739326195568636e-02
1.464087600000000009e+02,1.307881884261746785e-02
1.464148800000000108e+02,1.336321204287652109e-02
1.464209999999999923e+02,1.338093857403002684e-02
1.464271200000000022e+02,1.307619870632914516e-02
1.464332399999999836e+02,1.344326338227602724e-02
1.464393599999999935e+02,1.320588378719519951e-02
1.464454799999999750e+02,1.348133657977304556e-02
1.464515999999999849e+02,1.352721966435432854e-02
1.464577200000000232e+02,1.350086129661817735e-02
1.464638400000000047e+02,1.385816361483344084e-02
1.464699600000000146e+02,1.364827290877726473e-02
1.464760799999999961e+02,1.416387971851809646e-02
1.464822000000000060e+02,1.342276242924492213e-02
1.464883200000000159e+02,1.313867779998997842e-02
1.464944399999999973e+02,1.371578746732071696e-02
1.465005600000000072e+02,1.373628841966828551e-02
1.465066799999999887e+02,1.375093195729951145e-02
1.465127999999999986e+02,1.399987209704148250e-02
1.465189200000000085e+02,1.382790030372688106e-02
1.465250399999999900e+02,1.389541486193437980e-02
1.465311599999999999e+02,1.362874819193438114e-02
1.465372799999999813e+02,1.389541486193437980e-02
1.465433999999999912e+02,1.338468923140354039e-02
1.465495200000000011e+02,1.383586447556511834e-02
1.465556399999999826e+02,1.416208153193437846e-02
1.465617600000000209e+02,1.389541486193437980e-02
1.465678800000000024e+02,1.389541486193437980e-02
1.465740000000000123e+02,1.426946747456853126e-02
1.465801200000000222e+02,1.443835627525499876e-02
1.465862400000000036e+02,1.417168960525500010e-02
1.465923600000000135e+02,1.465425868146344457e-02
1.465984799999999950e+02,1.362304506198391829e-02
1.466046000000000049e+02,1.437978212472745820e-02
1.466107199999999864e+02,1.475203655077794718e-02
1.466168399999999963e+02,1.370309640103598015e-02
1.466229600000000062e+02,1.405079064593275917e-02
1.466290799999999876e+02,1.469541487193437579e-02
1.466351999999999975e+02,1.416208153193437846e-02
1.466413199999999790e+02,1.434576815535490435e-02
1.466474399999999889e+02,1.441914012861372774e-02
1.466535599999999988e+02,1.415247345861372907e-02
1.466596799999999803e+02,1.415247345861372907e-02
1.466658000000000186e+02,1.415247345861372907e-02
1.466719200000000001e+02,1.513097034262009255e-02
1.466780400000000100e+02,1.470502294525499742e-02
1.466841600000000199e+02,1.480377705040891723e-02
1.466902800000000013e+02,1.469541487193437579e-02
1.466964000000000112e+02,1.473559482698563738e-02
1.467025199999999927e+02,1.449544081011314156e-02
1.467086400000000026e+02,1.474438094914123920e-02
1.467147600000000125e+02,1.499332108888321025e-02
1.467208799999999940e+02,1.523445134188597394e-02
1.467270000000000039e+02,1.525217787214505627e-02
1.467331199999999853e+02,1.522874821193437311e-02
1.467392399999999952e+02,1.569359075788459568e-02
1.467453600000000051e+02,1.533418168288344652e-02
1.467514799999999866e+02,1.522874821193437311e-02
1.467575999999999965e+02,1.534492027714695617e-02
1.467637199999999780e+02,1.598285216362288486e-02
1.467698400000000163e+02,1.549541488193437178e-02
1.467759599999999978e+02,1.579541488193436649e-02
1.467820800000000077e+02,1.549541488193437178e-02
1.467882000000000176e+02,1.579541488193436649e-02
1.467943199999999990e+02,1.606208155193436515e-02
1.468004400000000089e+02,1.646429071813540479e-02
1.468065599999999904e+02,1.617419438829376110e-02
1.468126800000000003e+02,1.660502296525498411e-02
1.468188000000000102e+02,1.610015474977569139e-02
1.468249199999999917e+02,1.578580680861371710e-02
1.468310400000000016e+02,1.644800327977416488e-02
1.468371599999999830e+02,1.683459267325546072e-02
1.468432799999999929e+02,1.632874822193436382e-02
1.468494000000000028e+02,1.632874822193436382e-02
1.468555199999999843e+02,1.679148401023239368e-02
1.468616399999999942e+02,1.694393108730121722e-02
1.468677600000000041e+02,1.642832427783044724e-02
1.468738800000000140e+02,1.727811231577963680e-02
1.468800000000000239e+02,1.769429735472288767e-02
1.468861200000000053e+02,1.704186324198619928e-02
1.468922400000000152e+02,1.807030243904042544e-02
1.468983599999999967e+02,1.742583249814033675e-02
1.469044800000000066e+02,1.767477263788225228e-02
1.469105999999999881e+02,1.792371277762203063e-02
1.469167199999999980e+02,1.793835631525500518e-02
1.469228400000000079e+02,1.847168965525500250e-02
1.469289599999999893e+02,1.802539559030455485e-02
1.469350799999999992e+02,1.834770770330551581e-02
1.469411999999999807e+02,1.873835632525500117e-02
1.469473199999999906e+02,1.837406607104324907e-02
1.469534400000000005e+02,1.860265954293602308e-02
1.469595599999999820e+02,1.977167669064719413e-02
1.469656799999999919e+02,1.903626254214402236e-02
1.469718000000000018e+02,1.953414282069235175e-02
1.469779200000000117e+02,1.911256322284179965e-02
1.469840400000000216e+02,1.973863895799082835e-02
1.469901600000000030e+02,1.953835632525499633e-02
1.469962800000000129e+02,1.976124666745859848e-02
1.470023999999999944e+02,1.925247350861372664e-02
1.470085200000000043e+02,1.992134934519185219e-02
1.470146400000000142e+02,2.077780378481600132e-02
1.470207599999999957e+02,1.980502299525499499e-02
1.470268800000000056e+02,2.040878663718728725e-02
1.470329999999999870e+02,2.117333358573539326e-02
1.470391199999999969e+02,2.071059779743666951e-02
1.470452400000000068e+02,2.069220360167264849e-02
1.470513599999999883e+02,2.062874827193436622e-02
1.470574799999999982e+02,2.078689847835799021e-02
1.470635999999999797e+02,2.143835635525498384e-02
1.470697199999999896e+02,2.160154202599029460e-02
1.470758399999999995e+02,2.142874828193436221e-02
1.470819600000000094e+02,2.152637186596420560e-02
1.470880800000000193e+02,2.200277495606653422e-02
1.470942000000000007e+02,2.251838176580839290e-02
1.471003200000000106e+02,2.230474039239355166e-02
1.471064399999999921e+02,2.245410447555512556e-02
1.471125600000000020e+02,2.270304461506936211e-02
1.471186800000000119e+02,2.289649359690956731e-02
1.471247999999999934e+02,2.264673150692855796e-02
1.471309200000000033e+02,2.264477903538172909e-02
1.471370399999999847e+02,2.297849740764901227e-02
1.471431599999999946e+02,2.331463110753961843e-02
1.471492800000000045e+02,2.278129776753962110e-02
1.471553999999999860e+02,2.331463110753961843e-02
1.471615199999999959e+02,2.358129777753961709e-02
1.471676399999999774e+02,2.331463110753961843e-02
1.471737599999999873e+02,2.384796444753961575e-02
1.471798800000000256e+02,2.384796444753961575e-02
1.471860000000000070e+02,2.411463111753961441e-02
1.471921200000000169e+02,2.384796444753961575e-02
1.471982399999999984e+02,2.403262730710800654e-02
1.472043600000000083e+02,2.383835637525499873e-02
1.472104800000000182e+02,2.443235765873230658e-02
1.472165999999999997e+02,2.438129778753961308e-02
1.472227200000000096e+02,2.438129778753961308e-02
1.472288399999999911e+02,2.389302558220871009e-02
1.472349600000000009e+02,2.429929397710917094e-02
1.472410799999999824e+02,2.454823411654213916e-02
1.472471999999999923e+02,2.522423921086025533e-02
1.472533200000000022e+02,2.454530540901622704e-02
1.472594399999999837e+02,2.476623031580346690e-02
1.472655599999999936e+02,2.439090586086026247e-02
1.472716799999999751e+02,2.522423921086025533e-02
1.472777999999999849e+02,2.466342994590106641e-02
1.472839200000000233e+02,2.516131022445172727e-02
1.472900400000000047e+02,2.510318596624327991e-02
1.472961600000000146e+02,2.487849743764819488e-02
1.473022799999999961e+02,2.431784245843893189e-02
1.473084000000000060e+02,2.410502304525499739e-02
1.473145200000000159e+02,2.475061054293634100e-02
1.473206399999999974e+02,2.497026360713758275e-02
1.473267600000000073e+02,2.473221634723948847e-02
1.473328799999999887e+02,2.461491376040078616e-02
1.473389999999999986e+02,2.415217797212435014e-02
1.473451200000000085e+02,2.541460520015870195e-02
1.473512399999999900e+02,2.523384728418087697e-02
1.473573599999999999e+02,2.453359057891191242e-02
1.473634799999999814e+02,2.455409153159396340e-02
1.473695999999999913e+02,2.424544672038456139e-02
1.473757200000000012e+02,2.372983991108557067e-02
1.473818399999999826e+02,2.419581297823136801e-02
1.473879600000000210e+02,2.444475311727814515e-02
1.473940800000000024e+02,2.439090586086026247e-02
1.474002000000000123e+02,2.439090586086026247e-02
1.474063199999999938e+02,2.412423919086026380e-02
1.474124400000000037e+02,2.462129751960148716e-02
1.474185600000000136e+02,2.419745687901847520e-02
1.474246799999999951e+02,2.412423919086026380e-02
1.474308000000000050e+02,2.412423919086026380e-02
1.474369199999999864e+02,2.383301233925086415e-02
1.474430399999999963e+02,2.448935139512919967e-02
1.474491600000000062e+02,2.385757252086026514e-02
1.474552799999999877e+02,2.332423918086026782e-02
1.474613999999999976e+02,2.361433551102593009e-02
1.474675199999999791e+02,2.384554911957406653e-02
1.474736399999999890e+02,2.414345533646550246e-02
1.474797599999999989e+02,2.367080290454962044e-02
1.474858800000000087e+02,2.386718059418088678e-02
1.474920000000000186e+02,2.318253069865106042e-02
1.474981200000000001e+02,2.344822113280972675e-02
1.475042400000000100e+02,2.297053323581069173e-02
1.475103600000000199e+02,2.298825976606871935e-02
1.475164800000000014e+02,2.278129776753962110e-02
1.475226000000000113e+02,2.279594130517148542e-02
1.475287199999999928e+02,2.277821477491231983e-02
1.475348400000000026e+02,2.302715491465329167e-02
1.475409600000000125e+02,2.280051392418089296e-02
1.475470799999999940e+02,2.225577432495745578e-02
1.475532000000000039e+02,2.228018022078803728e-02
1.475593199999999854e+02,2.265114984033564371e-02
1.475654399999999953e+02,2.280051392418089296e-02
1.475715599999999768e+02,2.246160580186457034e-02
1.475776799999999866e+02,2.203581268959783901e-02
1.475837999999999965e+02,2.224960833902198121e-02
1.475899200000000064e+02,2.173400152928106621e-02
1.475960400000000163e+02,2.193592806260352690e-02
1.476021599999999978e+02,2.233161214951975837e-02
1.476082800000000077e+02,2.200051391418086921e-02
1.476144000000000176e+02,2.146718057418087189e-02
1.476205199999999991e+02,2.160400787717844939e-02
1.476266400000000090e+02,2.192924869732215676e-02
1.476327599999999904e+02,2.163427118781410807e-02
1.476388800000000003e+02,2.108675716680985524e-02
1.476450000000000102e+02,2.146718057418087189e-02
1.476511199999999917e+02,2.173384724418087055e-02
1.476572400000000016e+02,2.039174073533386866e-02
1.476633599999999831e+02,2.078711625058746182e-02
1.476694799999999930e+02,2.072268468548180143e-02
1.476756000000000029e+02,2.104041122607330783e-02
1.476817199999999843e+02,2.035757248086025872e-02
1.476878399999999942e+02,2.035757248086025872e-02
1.476939600000000041e+02,2.024710354530756540e-02
1.477000800000000140e+02,2.085935770286526103e-02
1.477062000000000239e+02,2.010051389418088252e-02
1.477123200000000054e+02,2.036718055418088036e-02
1.477184400000000153e+02,1.958881202780693442e-02
1.477245599999999968e+02,2.025964033563060207e-02
1.477306800000000067e+02,1.999605665875045513e-02
1.477367999999999881e+02,1.982423915086026223e-02
1.477429199999999980e+02,1.929090581086026490e-02
1.477490400000000079e+02,1.955757248086026356e-02
1.477551599999999894e+02,1.891962762034837819e-02
1.477612799999999993e+02,1.952309565535034763e-02
1.477673999999999808e+02,1.924779714870772374e-02
1.477735199999999907e+02,1.848325019922586465e-02
1.477796400000000006e+02,1.972111724517411346e-02
1.477857599999999820e+02,1.946745021276838350e-02
1.477918799999999919e+02,1.910721918744051617e-02
1.477980000000000018e+02,1.955757248086026356e-02
1.478041200000000117e+02,1.875757247086026758e-02
1.478102400000000216e+02,1.860219668686302619e-02
1.478163600000000031e+02,1.833260130933639376e-02
1.478224800000000130e+02,1.827125273638319225e-02
1.478285999999999945e+02,1.854947995127770310e-02
1.478347200000000043e+02,1.877288367310495087e-02
1.478408400000000142e+02,1.827500339455451206e-02
1.478469599999999957e+02,1.844779713870542404e-02
1.478530800000000056e+02,1.803762379991380449e-02
1.478591999999999871e+02,1.812646126154715542e-02
1.478653199999999970e+02,1.837540140075785700e-02
1.478714400000000069e+02,1.839590235336518997e-02
1.478775599999999883e+02,1.832073219380325746e-02
1.478836799999999982e+02,1.851012194646550757e-02
1.478897999999999797e+02,1.847790616379663131e-02
1.478959199999999896e+02,1.796718053418086547e-02
1.479020399999999995e+02,1.796718053418086547e-02
1.479081600000000094e+02,1.743384719418086815e-02
1.479142800000000193e+02,1.750136175238750647e-02
1.479204000000000008e+02,1.786272329907376277e-02
1.479265200000000107e+02,1.767821472491115653e-02
1.479326399999999921e+02,1.711559430964870732e-02
1.479387600000000020e+02,1.788014125879452965e-02
1.479448800000000119e+02,1.845725092588981764e-02
1.479509999999999934e+02,1.763983295596580070e-02
1.479571200000000033e+02,1.715757245086024785e-02
1.479632399999999848e+02,1.715757245086024785e-02
1.479693599999999947e+02,1.692815702796116040e-02
1.479754800000000046e+02,1.748754016474052264e-02
1.479815999999999860e+02,1.736062950564337681e-02
1.479877199999999959e+02,1.759980728678817163e-02
1.479938399999999774e+02,1.789283232449503935e-02
1.479999600000000157e+02,1.698364818586253766e-02
1.480060800000000256e+02,1.716718052418086948e-02
1.480122000000000071e+02,1.712910732633821098e-02
1.480183200000000170e+02,1.770164438512422667e-02
1.480244399999999985e+02,1.768391785486503331e-02
1.480305600000000084e+02,1.789853545416189573e-02
1.480366799999999898e+02,1.778138715294064198e-02
1.480427999999999997e+02,1.726578034386525018e-02
1.480489200000000096e+02,1.675017353449365087e-02
1.480550399999999911e+02,1.701391149696709904e-02
1.480611600000000010e+02,1.726285163635030151e-02
1.480672799999999825e+02,1.744345526646548517e-02
1.480733999999999924e+02,1.766912003125065134e-02
1.480795200000000023e+02,1.687317925060116686e-02
1.480856399999999837e+02,1.637529897112161015e-02
1.480917599999999936e+02,1.681851004344142586e-02
1.480978799999999751e+02,1.690051385418087082e-02
1.481040000000000134e+02,1.734778415429719112e-02
1.481101200000000233e+02,1.782351957982597490e-02
1.481162400000000048e+02,1.730791277054694044e-02
1.481223600000000147e+02,1.692003857065510486e-02
1.481284799999999962e+02,1.798639667978613188e-02
1.481346000000000060e+02,1.763186878415959336e-02
1.481407200000000159e+02,1.713398850554706532e-02
1.481468399999999974e+02,1.690277489606750727e-02
1.481529600000000073e+02,1.735770079849557890e-02
1.481590799999999888e+02,1.822151523208573320e-02
1.481651999999999987e+02,1.789755921849295328e-02
1.481713200000000086e+02,1.705671158833532708e-02
1.481774399999999901e+02,1.718572900462900233e-02
1.481835599999999999e+02,1.736062950564104534e-02
1.481896799999999814e+02,1.763592801274349586e-02
1.481957999999999913e+02,1.748070651442670820e-02
1.482019199999999728e+02,1.795726388969706711e-02
1.482080400000000111e+02,1.744165708088846189e-02
1.482141600000000210e+02,1.721825335817078750e-02
1.482202800000000025e+02,1.784222234638827009e-02
1.482264000000000124e+02,1.796718053418086547e-02
1.482325199999999938e+02,1.759297363584974572e-02
1.482386400000000037e+02,1.771012193646548383e-02
1.482447600000000136e+02,1.824345527646548115e-02
1.482508799999999951e+02,1.851012194646550757e-02
1.482570000000000050e+02,1.851012194646550757e-02
1.482631199999999865e+02,1.768766851218195324e-02
1.482692399999999964e+02,1.850539505337248092e-02
1.482753600000000063e+02,1.850051387418089055e-02
1.482814799999999877e+02,1.823384720418089189e-02
1.482875999999999976e+02,1.831112412080920793e-02
1.482937199999999791e+02,1.828168275983421687e-02
1.482998399999999890e+02,1.864206807075846628e-02
1.483059599999999989e+02,1.850051387418089055e-02
1.483120800000000088e+02,1.911389855293507689e-02
1.483182000000000187e+02,1.952407189118771091e-02
1.483243200000000002e+02,1.903384721418088787e-02
1.483304400000000101e+02,1.903384721418088787e-02
1.483365600000000200e+02,1.928083488131274170e-02
1.483426800000000014e+02,1.904345528646550489e-02
1.483488000000000113e+02,1.957678862646550222e-02
1.483549199999999928e+02,1.941180476976561708e-02
1.483610400000000027e+02,1.969619797044153131e-02
1.483671599999999842e+02,1.902423914086026624e-02
1.483732799999999941e+02,1.937388585744051483e-02
1.483794000000000040e+02,1.983384722418088386e-02
1.483855199999999854e+02,1.932882472349534142e-02
1.483916399999999953e+02,2.010816949478522186e-02
1.483977599999999768e+02,1.987695588623919485e-02
1.484038799999999867e+02,2.058015425286416344e-02
1.484099999999999966e+02,2.063384722418087902e-02
1.484161200000000065e+02,2.046593465933524425e-02
1.484222400000000164e+02,2.009090581086026006e-02
1.484283599999999979e+02,2.130414918854625639e-02
1.484344800000000077e+02,2.120051390418087323e-02
1.484406000000000176e+02,2.114193975365244449e-02
1.484467199999999991e+02,2.112842673708198449e-02
1.484528400000000090e+02,2.038340450534742443e-02
1.484589599999999905e+02,2.166355826363322579e-02
1.484650800000000004e+02,2.173384724418087055e-02
1.484712000000000103e+02,2.213019899534049428e-02
1.484773199999999918e+02,2.238222212741458605e-02
1.484834400000000016e+02,2.266661532821134806e-02
1.484895599999999831e+02,2.241767518896894962e-02
1.484956799999999930e+02,2.234640997249312533e-02
1.485018000000000029e+02,2.327234439612746453e-02
1.485079199999999844e+02,2.252423918086027266e-02
1.485140400000000227e+02,2.305757251086026915e-02
1.485201600000000042e+02,2.305757251086026915e-02
1.485262800000000141e+02,2.351445088411785456e-02
1.485323999999999955e+02,2.367568408374318145e-02
1.485385200000000054e+02,2.333384725418088945e-02
1.485446400000000153e+02,2.348028262995055515e-02
1.485507599999999968e+02,2.479588944920449456e-02
1.485568800000000067e+02,2.503619775181037399e-02
1.485629999999999882e+02,2.406941569860152064e-02
1.485691199999999981e+02,2.465757253086026113e-02
1.485752400000000080e+02,2.439090586086026247e-02
1.485813599999999894e+02,2.439090586086026247e-02
1.485874799999999993e+02,2.535167621374226354e-02
1.485935999999999808e+02,2.548639675978614516e-02
1.485997199999999907e+02,2.495630069817733609e-02
1.486058400000000006e+02,2.564026995470433667e-02
1.486119599999999821e+02,2.562254343398751022e-02
1.486180800000000204e+02,2.621542715013358560e-02
1.486242000000000019e+02,2.636787422703470996e-02
1.486303200000000118e+02,2.581681436599309043e-02
1.486364400000000217e+02,2.709434797793783267e-02
1.486425600000000031e+02,2.659646769938972533e-02
1.486486800000000130e+02,2.656718062418086945e-02
1.486547999999999945e+02,2.671443795046532510e-02
1.486609200000000044e+02,2.676047532055800260e-02
1.486670400000000143e+02,2.725280675498156779e-02
1.486731599999999958e+02,2.750174689425693986e-02
1.486792800000000057e+02,2.745781628172788702e-02
1.486853999999999871e+02,2.717080294454959910e-02
1.486915199999999970e+02,2.760050099957306324e-02
1.486976399999999785e+02,2.764946707759502464e-02
1.487037599999999884e+02,2.789840721640349241e-02
1.487098799999999983e+02,2.737678870646548246e-02
1.487159999999999798e+02,2.722367396514074889e-02
1.487221200000000181e+02,2.807346200333818431e-02
1.487282399999999996e+02,2.774529247528317866e-02
1.487343600000000094e+02,2.801879279617877638e-02
1.487404800000000193e+02,2.843384731418088784e-02
1.487466000000000008e+02,2.824039833206573591e-02
1.487527200000000107e+02,2.893090564205699766e-02
1.487588399999999922e+02,2.894863217318111026e-02
1.487649600000000021e+02,2.789969202343914323e-02
1.487710800000000120e+02,2.839772658802230954e-02
1.487771999999999935e+02,2.926718065418087988e-02
1.487833200000000033e+02,2.870051398418088651e-02
1.487894399999999848e+02,2.896718065418088517e-02
1.487955599999999947e+02,2.883636505133646555e-02
1.488016800000000046e+02,2.879438691012539686e-02
1.488077999999999861e+02,2.904332704958034750e-02
1.488139199999999960e+02,2.866131026454282749e-02
1.488200399999999775e+02,2.898865784262710799e-02
1.488261600000000158e+02,2.953759798143565374e-02
1.488322799999999972e+02,2.948653812115348272e-02
1.488384000000000071e+02,2.938823389837683098e-02
1.488445200000000170e+02,2.953384732418087855e-02
1.488506399999999985e+02,2.843384731418088784e-02
1.488567600000000084e+02,2.953384732418087855e-02
1.488628799999999899e+02,2.838000005736393550e-02
1.488689999999999998e+02,2.917398836657408845e-02
1.488751200000000097e+02,2.865838155702696288e-02
1.488812399999999911e+02,2.840944141812812296e-02
1.488873600000000010e+02,2.842716794838615058e-02
1.488934799999999825e+02,2.891626210436751276e-02
1.488995999999999924e+02,2.871012205646550353e-02
1.489057200000000023e+02,2.825211316212661306e-02
1.489118399999999838e+02,2.849519588651769353e-02
1.489179599999999937e+02,2.844638409450625516e-02
1.489240799999999751e+02,2.870051398418088651e-02
1.489302000000000135e+02,2.861851017344177461e-02
1.489363200000000234e+02,2.815757257086026755e-02
1.489424400000000048e+02,2.818490717443997151e-02
1.489485600000000147e+02,2.736718063418086544e-02
1.489546799999999962e+02,2.841612078298819122e-02
1.489608000000000061e+02,2.817678871646550620e-02
1.489669200000000160e+02,2.744918444461050266e-02
1.489730399999999975e+02,2.763384730418089186e-02
1.489791600000000074e+02,2.736718063418086544e-02
1.489852799999999888e+02,2.759171487744699336e-02
1.489913999999999987e+02,2.793159923531199351e-02
1.489975200000000086e+02,2.661517046554578991e-02
1.490036399999999901e+02,2.662770724627860908e-02
1.490097600000000000e+02,2.738053936474527106e-02
1.490158799999999815e+02,2.714932575619716237e-02
1.490219999999999914e+02,2.679171486702600080e-02
1.490281199999999728e+02,2.711012203646548380e-02
1.490342400000000112e+02,2.684345536646548513e-02
1.490403600000000210e+02,2.723425827404904465e-02
1.490464800000000025e+02,2.698531813481025443e-02
1.490526000000000124e+02,2.646662833211332888e-02
1.490587199999999939e+02,2.624959540448099093e-02
1.490648400000000038e+02,2.603384728418087213e-02
1.490709600000000137e+02,2.602798986912790991e-02
1.490770799999999952e+02,2.577904972938707684e-02
1.490832000000000050e+02,2.571836882207442776e-02
1.490893199999999865e+02,2.556705226654673591e-02
1.490954399999999964e+02,2.556982669832327804e-02
1.491015600000000063e+02,2.616466288653412908e-02
1.491076799999999878e+02,2.493384727418088143e-02
1.491137999999999977e+02,2.514305735086369564e-02
1.491199199999999792e+02,2.528769454059737187e-02
1.491260399999999890e+02,2.493384727418088143e-02
1.491321600000000274e+02,2.494263339672911362e-02
1.491382800000000088e+02,2.465824019553536361e-02
1.491444000000000187e+02,2.471306368858822156e-02
1.491505200000000002e+02,2.440051393418088410e-02
1.491566400000000101e+02,2.466718060418088276e-02
1.491627599999999916e+02,2.440051393418088410e-02
1.491688800000000015e+02,2.478823384815051489e-02
1.491750000000000114e+02,2.494345534646549845e-02
1.491811199999999928e+02,2.381040462945027691e-02
1.491872400000000027e+02,2.356146449049625891e-02
1.491933599999999842e+02,2.386928735096507936e-02
1.491994799999999941e+02,2.331822748070705442e-02
1.492056000000000040e+02,2.386718059418088678e-02
1.492117199999999855e+02,2.286119482149345794e-02
1.492178399999999954e+02,2.279090584086027049e-02
1.492239599999999768e+02,2.294222239638829541e-02
1.492300799999999867e+02,2.306718058418089079e-02
1.492362000000000251e+02,2.287388588743824447e-02
1.492423200000000065e+02,2.231727718233084135e-02
1.492484400000000164e+02,2.260819546312625716e-02
1.492545599999999979e+02,2.226214511888857661e-02
1.492606800000000078e+02,2.254653832008116088e-02
1.492668000000000177e+02,2.250342965708995724e-02
1.492729199999999992e+02,2.159229304681992145e-02
1.492790400000000091e+02,2.208739890345043366e-02
1.492851599999999905e+02,2.216436724952056125e-02
1.492912800000000004e+02,2.176590874131020814e-02
1.492974000000000103e+02,2.126802846238637357e-02
1.493035199999999918e+02,2.132578066217385993e-02
1.493096400000000017e+02,2.146718057418087189e-02
1.493157599999999832e+02,2.068656395952225835e-02
1.493218799999999931e+02,2.200005105687799500e-02
1.493279999999999745e+02,2.098431589033009081e-02
1.493341199999999844e+02,2.126494546952065190e-02
1.493402400000000227e+02,2.081835579765120570e-02
1.493463600000000042e+02,2.032910735589060769e-02
1.493524800000000141e+02,2.048741184786323499e-02
1.493585999999999956e+02,2.036718055418088036e-02
1.493647200000000055e+02,2.044235071374234103e-02
1.493708400000000154e+02,2.059561974038021104e-02
1.493769599999999969e+02,1.983384722418088386e-02
1.493830800000000067e+02,1.983384722418088386e-02
1.493891999999999882e+02,1.932507406533504057e-02
1.493953199999999981e+02,2.003901103612654166e-02
1.494014400000000080e+02,1.956718055418088520e-02
1.494075599999999895e+02,1.946061656168807108e-02
1.494136799999999994e+02,1.944402055243449334e-02
1.494197999999999809e+02,1.930051388418088654e-02
1.494259199999999908e+02,1.930051388418088654e-02
1.494320400000000006e+02,1.935127814778092592e-02
1.494381599999999821e+02,1.928669229634363824e-02
1.494442800000000204e+02,1.903775215753300554e-02
1.494504000000000019e+02,1.776540828598058286e-02
1.494565200000000118e+02,1.784042416002534770e-02
1.494626400000000217e+02,1.788127178007467566e-02
1.494687600000000032e+02,1.823384720418089189e-02
1.494748800000000131e+02,1.823857409778278926e-02
1.494809999999999945e+02,1.873645437633114641e-02
1.494871200000000044e+02,1.899125193049500115e-02
1.494932399999999859e+02,1.868861881963951310e-02
1.494993599999999958e+02,1.795043023882761379e-02
1.495054800000000057e+02,1.796815677001917244e-02
1.495115999999999872e+02,1.792977500104869781e-02
1.495177199999999971e+02,1.776576737946594653e-02
1.495238399999999785e+02,1.679019920371122021e-02
1.495299599999999884e+02,1.722282596655758113e-02
1.495360799999999983e+02,1.771012193646548383e-02
1.495421999999999798e+02,1.793270370804994629e-02
1.495483200000000181e+02,1.756142551753875347e-02
1.495544399999999996e+02,1.655350024783447394e-02
1.495605600000000095e+02,1.684193970365333026e-02
1.495666800000000194e+02,1.578520264090979563e-02
1.495728000000000009e+02,1.601641625038932593e-02
1.495789200000000108e+02,1.580051384418088012e-02
1.495850399999999922e+02,1.633384718418087744e-02
1.495911600000000021e+02,1.580051384418088012e-02
1.495972800000000120e+02,1.580051384418088012e-02
1.496033999999999935e+02,1.568629425065293237e-02
1.496095200000000034e+02,1.525757243086026116e-02
1.496156399999999849e+02,1.558378948722949353e-02
1.496217599999999948e+02,1.523496472139121427e-02
1.496278800000000047e+02,1.499090576086026250e-02
1.496339999999999861e+02,1.525757243086026116e-02
1.496401199999999960e+02,1.517721252075496241e-02
1.496462400000000059e+02,1.527678857646549981e-02
1.496523600000000158e+02,1.571527275468020957e-02
1.496584799999999973e+02,1.514191374515189148e-02
1.496646000000000072e+02,1.477582530479470968e-02
1.496707200000000171e+02,1.428071944833628204e-02
1.496768399999999986e+02,1.420051382418088814e-02
1.496829600000000084e+02,1.423565831436685025e-02
1.496890799999999899e+02,1.447678856646550383e-02
1.496951999999999998e+02,1.421012189646550516e-02
1.497013200000000097e+02,1.321795771152764476e-02
1.497074399999999912e+02,1.345549159154182939e-02
1.497135600000000011e+02,1.399745676901997804e-02
1.497196799999999826e+02,1.381459209578828062e-02
1.497257999999999925e+02,1.319648052304225883e-02
1.497319200000000023e+02,1.249050772491103189e-02
1.497380399999999838e+02,1.325505467345763910e-02
1.497441599999999937e+02,1.302923562308075378e-02
1.497502800000000036e+02,1.261351344028796562e-02
1.497564000000000135e+02,1.336033385858351186e-02
1.497625200000000234e+02,1.267876695648412211e-02
1.497686400000000049e+02,1.279591525770570892e-02
1.497747600000000148e+02,1.295617222091435816e-02
1.497808799999999962e+02,1.244124605054630628e-02
1.497870000000000061e+02,1.256718047418087236e-02
1.497931199999999876e+02,1.220484269165306168e-02
1.497992399999999975e+02,1.222924858744917076e-02
1.498053600000000074e+02,1.254539471441656895e-02
1.498114799999999889e+02,1.200245330115048970e-02
1.498175999999999988e+02,1.152229955285807850e-02
1.498237199999999802e+02,1.168517665344143142e-02
1.498298399999999901e+02,1.070051378418088173e-02
1.498359600000000000e+02,1.078657682338804435e-02
1.498420799999999815e+02,1.149090572086025608e-02
1.498481999999999914e+02,1.135017347449304714e-02
1.498543200000000013e+02,1.113524730412676633e-02
1.498604400000000112e+02,1.049550425733569714e-02
1.498665600000000211e+02,1.070051378418088173e-02
1.498726800000000026e+02,1.070051378418088173e-02
1.498788000000000125e+02,1.096718045418088039e-02
1.498849199999999939e+02,1.072897890870391779e-02
1.498910400000000038e+02,1.015757237086026277e-02
1.498971600000000137e+02,1.060777137918011981e-02
1.499032799999999952e+02,1.027764937944122825e-02
1.499094000000000051e+02,9.624239030860265443e-03
1.499155199999999866e+02,9.992434228440288946e-03
1.499216399999999965e+02,1.016718044418088440e-02
1.499277600000000064e+02,9.586987783758382786e-03
1.499338799999999878e+02,9.624239030860265443e-03
1.499399999999999977e+02,9.624239030860265443e-03
1.499461199999999792e+02,9.865369283863140160e-03
1.499522399999999891e+02,9.420051454756828146e-03
1.499583599999999990e+02,9.544033406705676459e-03
1.499644800000000089e+02,9.633847104180887078e-03
1.499706000000000188e+02,9.103596756805831802e-03
1.499767200000000003e+02,8.861335982469242811e-03
1.499828400000000101e+02,9.068297980931422364e-03
1.499889599999999916e+02,8.321477563015988732e-03
1.499950800000000015e+02,8.003751031909450697e-03
1.500012000000000114e+02,8.552691171650417257e-03
1.500073199999999929e+02,9.312356941004906741e-03
1.500134400000000028e+02,8.376673123375893981e-03
1.500195599999999843e+02,8.557572350860270793e-03
1.500256799999999942e+02,8.581682649836913646e-03
1.500318000000000040e+02,8.675401290757250861e-03
1.500379199999999855e+02,8.052408538914840319e-03
1.500440399999999954e+02,7.874733615647638851e-03
1.500501599999999769e+02,8.214463688707485112e-03
1.500562799999999868e+02,8.282954482754956160e-03
1.500624000000000251e+02,8.831894622498115410e-03
1.500685200000000066e+02,8.514168091312723785e-03
1.500746400000000165e+02,8.151162643853820944e-03
1.500807599999999979e+02,7.255645807363209077e-03
1.500868800000000078e+02,7.234990569273458405e-03
1.500930000000000177e+02,8.257572350860248322e-03
1.500991199999999992e+02,7.567886991020345011e-03
1.501052400000000091e+02,7.816827130450787475e-03
1.501113599999999906e+02,7.898830940673257084e-03
1.501174800000000005e+02,7.219216510281928345e-03
1.501235999999999819e+02,7.465227942499236269e-03
1.501297199999999918e+02,6.967347663013212511e-03
1.501358400000000017e+02,7.137212699543954431e-03
1.501419599999999832e+02,6.995658502435941895e-03
1.501480799999999931e+02,6.983789387229488721e-03
1.501541999999999746e+02,6.904868569651723131e-03
1.501603200000000129e+02,6.548388202253729862e-03
1.501664400000000228e+02,7.114604990073547519e-03
1.501725600000000043e+02,6.982813151387767814e-03
1.501786800000000142e+02,6.698419951012446472e-03
1.501847999999999956e+02,6.668978589744384289e-03
1.501909200000000055e+02,6.437764981193944136e-03
1.501970400000000154e+02,6.390905660860257687e-03
1.502031599999999969e+02,5.994553909701300087e-03
1.502092800000000068e+02,6.521721263461677243e-03
1.502153999999999883e+02,6.389775139420156291e-03
1.502215199999999982e+02,6.274733595647646878e-03
1.502276400000000081e+02,5.936801709172490060e-03
1.502337599999999895e+02,5.857572320860260362e-03
1.502398799999999994e+02,6.691740585334865488e-03
1.502459999999999809e+02,6.393680083287084370e-03
1.502521199999999908e+02,5.344739933545117339e-03
1.502582400000000007e+02,5.590905650860261700e-03
1.502643600000000106e+02,5.792010234337535701e-03
1.502704800000000205e+02,5.693410414282257248e-03
1.502766000000000020e+02,5.444470274541451937e-03
1.502827200000000119e+02,5.819499123018906372e-03
1.502888399999999933e+02,5.683648055862550175e-03
1.502949600000000032e+02,5.645729143119837534e-03
1.503010800000000131e+02,5.287142018859575243e-03
1.503071999999999946e+02,5.067488954381360600e-03
1.503133200000000045e+02,5.298702563865304027e-03
1.503194399999999860e+02,5.369145829598853670e-03
1.503255599999999959e+02,4.586872349857051834e-03
1.503316800000000057e+02,4.957996254963431548e-03
1.503377999999999872e+02,4.908208227016069847e-03
1.503439199999999971e+02,4.903327047805161598e-03
1.503500399999999786e+02,5.324238980860263037e-03
1.503561599999999885e+02,4.656185094900566757e-03
1.503622799999999984e+02,4.851740834158124738e-03
1.503684000000000083e+02,4.803596706808188621e-03
1.503745200000000182e+02,5.319203516550158328e-03
1.503806399999999996e+02,4.832883782070807044e-03
1.503867600000000095e+02,5.057572310860264375e-03
1.503928800000000194e+02,4.611278245909400386e-03
1.503990000000000009e+02,4.514630897539617660e-03
1.504051200000000108e+02,4.372922425331576823e-03
1.504112399999999923e+02,4.621862565072409890e-03
1.504173600000000022e+02,4.996891403547698562e-03
1.504234800000000121e+02,4.310147724806534519e-03
1.504295999999999935e+02,5.045548919576509084e-03
1.504357200000000034e+02,3.981001961028129976e-03
1.504418399999999849e+02,3.987013661224420025e-03
1.504479599999999948e+02,4.038073532270231025e-03
1.504540799999999763e+02,4.336801699523162856e-03
1.504601999999999862e+02,4.679460479757313607e-03
1.504663199999999961e+02,4.939293488863516490e-03
1.504724400000000060e+02,4.423686689121769655e-03
1.504785600000000159e+02,4.021181915699889586e-03
1.504846799999999973e+02,4.616005149847363098e-03
1.504908000000000072e+02,4.739691494533376792e-03
1.504969200000000171e+02,4.241811215985047401e-03
1.505030399999999986e+02,4.224238970860272335e-03
1.505091600000000085e+02,4.011419557277018377e-03
1.505152799999999900e+02,3.947964227539624282e-03
1.505213999999999999e+02,3.681297557539597864e-03
1.505275200000000098e+02,3.947964227539624282e-03
1.505336399999999912e+02,3.577816558662960666e-03
1.505397600000000011e+02,3.290648936340068165e-03
1.505458799999999826e+02,3.642093838754717483e-03
1.505519999999999925e+02,3.990918604593107766e-03
1.505581200000000024e+02,4.222132214074969525e-03
1.505642399999999839e+02,3.481014924805209132e-03
1.505703599999999938e+02,3.630379008647849348e-03
1.505764800000000037e+02,3.879319148389598348e-03
1.505826000000000136e+02,4.233847044180866215e-03
1.505887200000000234e+02,4.233847044180866215e-03
1.505948400000000049e+02,4.394104007389126876e-03
1.506009600000000148e+02,3.532755424731998106e-03
1.506070799999999963e+02,2.708503804325662623e-03
1.506132000000000062e+02,3.690905630860247255e-03
1.506193199999999877e+02,3.957572300860245917e-03
1.506254399999999976e+02,3.936917063075140444e-03
1.506315600000000074e+02,2.729826706910243317e-03
1.506376799999999889e+02,2.956621993201874465e-03
1.506437999999999988e+02,2.933038047591790543e-03
1.506499199999999803e+02,3.014219907684162481e-03
1.506560399999999902e+02,2.923429974477309568e-03
1.506621600000000001e+02,3.157572290860249931e-03
1.506682799999999816e+02,3.102903083701979980e-03
1.506744000000000199e+02,2.853962944062288232e-03
1.506805200000000013e+02,2.871689475254984858e-03
1.506866400000000112e+02,3.618509893547394718e-03
1.506927600000000211e+02,3.478908168017574853e-03
1.506988800000000026e+02,3.157572290860249931e-03
1.507050000000000125e+02,3.257302631857250663e-03
1.507111199999999940e+02,2.881297547539601878e-03
1.507172400000000039e+02,2.614630877539603215e-03
1.507233600000000138e+02,2.881297547539601878e-03
1.507294799999999952e+02,2.614630877539603215e-03
1.507356000000000051e+02,2.911560858645328986e-03
1.507417199999999866e+02,3.154643583334337809e-03
1.507478399999999965e+02,2.639036773593395058e-03
1.507539600000000064e+02,2.123429964692585825e-03
1.507600799999999879e+02,3.196621724841225420e-03
1.507661999999999978e+02,2.560783621121692777e-03
1.507723199999999792e+02,2.757161310488753792e-03
1.507784400000000176e+02,2.775709791489611167e-03
1.507845599999999990e+02,2.351047200497585754e-03
1.507906800000000089e+02,1.967386515023872295e-03
1.507968000000000188e+02,2.647822896172408180e-03
1.508029200000000003e+02,2.618381535807262628e-03
1.508090400000000102e+02,1.569441396066351135e-03
1.508151599999999917e+02,2.881297547539601878e-03
1.508212800000000016e+02,2.814759225174934265e-03
1.508274000000000115e+02,2.703159768325580359e-03
1.508335199999999929e+02,3.176788436465488585e-03
1.508396400000000028e+02,2.822414826217395367e-03
1.508457599999999843e+02,1.990507604563235278e-03
1.508518799999999942e+02,2.198600124491773000e-03
1.508580000000000041e+02,2.660359677018969693e-03
1.508641199999999856e+02,3.149608119023150632e-03
1.508702399999999955e+02,2.651727839541290210e-03
1.508763599999999769e+02,2.578355866279496977e-03
1.508824800000000153e+02,2.421181895698704123e-03
1.508886000000000251e+02,2.347964207539604553e-03
1.508947200000000066e+02,2.229685385542884424e-03
1.509008400000000165e+02,2.890905620860251268e-03
1.509069599999999980e+02,2.624238950860252606e-03
1.509130800000000079e+02,1.891753499315834697e-03
1.509191999999999894e+02,1.873513589157188575e-03
1.509253199999999993e+02,2.093012367645530336e-03
1.509314400000000091e+02,2.608619177386445331e-03
1.509375599999999906e+02,2.090905610860255281e-03
1.509436800000000005e+02,2.151586518172821094e-03
1.509497999999999820e+02,1.100026232450174168e-03
1.509559199999999919e+02,1.581464787308917153e-03
1.509620400000000018e+02,2.081297537539605891e-03
1.509681599999999833e+02,2.081297537539605891e-03
1.509742799999999932e+02,2.081297537539605891e-03
1.509803999999999746e+02,1.814630867539607229e-03
1.509865200000000129e+02,2.081297537539605891e-03
1.509926400000000228e+02,1.814630867539607229e-03
1.509987600000000043e+02,1.517546611333658868e-03
1.510048800000000142e+02,2.299820081075626410e-03
1.510109999999999957e+02,2.004020620911289852e-03
1.510171200000000056e+02,1.660385605062930647e-03
1.510232400000000155e+02,1.398600124255022781e-03
1.510293599999999969e+02,2.347964207539604553e-03
1.510354800000000068e+02,2.081297537539605891e-03
1.510415999999999883e+02,1.859537716277032127e-03
1.510477199999999982e+02,1.789094460610540782e-03
1.510538400000000081e+02,1.291214182060129723e-03
1.510599599999999896e+02,1.510867245677061099e-03
1.510660799999999995e+02,1.547964207539609394e-03
1.510721999999999809e+02,1.896788964070805772e-03
1.510783199999999908e+02,1.695530095247255176e-03
1.510844399999999723e+02,1.814630867539607229e-03
1.510905600000000106e+02,1.650468970962326587e-03
1.510966800000000205e+02,2.207231961454808600e-03
1.511028000000000020e+02,1.538356125254991547e-03
1.511089200000000119e+02,9.845218425701129927e-04
1.511150399999999934e+02,1.002248372829306344e-03
1.511211600000000033e+02,1.746294358718480932e-03
1.511272800000000132e+02,1.814630867539607229e-03
1.511333999999999946e+02,1.360526926555138960e-03
1.511395200000000045e+02,1.111586787146290334e-03
1.511456399999999860e+02,1.794284200493156956e-03
1.511517599999999959e+02,1.337097266036813004e-03
1.511578800000000058e+02,1.073513589304464499e-03
1.511639999999999873e+02,1.373217992643505081e-03
1.511701199999999972e+02,1.487283300315778156e-03
1.511762399999999786e+02,1.273796212026861996e-03
1.511823599999999885e+02,1.218818443759289716e-03
1.511884799999999984e+02,1.765664800332716888e-03
1.511946000000000083e+02,1.633872961646576361e-03
1.512007200000000182e+02,1.384932822515672068e-03
1.512068399999999997e+02,1.538356125254991547e-03
1.512129600000000096e+02,1.380051643324775590e-03
1.512190800000000195e+02,1.547964207539609394e-03
1.512252000000000010e+02,1.601657178856130681e-03
1.512313200000000109e+02,1.797880583122413167e-03
1.512374399999999923e+02,1.548940443381580101e-03
1.512435600000000022e+02,1.547964207539609394e-03
1.512496799999999837e+02,1.768593507858629010e-03
1.512557999999999936e+02,1.170982888105992492e-03
1.512619200000000035e+02,9.043162177931884926e-04
1.512680399999999850e+02,1.676005378478728769e-03
1.512741599999999949e+02,1.005022795254995049e-03
1.512802799999999763e+02,1.088979077362078884e-03
1.512863999999999862e+02,1.224675858909507475e-03
1.512925200000000245e+02,1.330263615674759370e-03
1.512986400000000060e+02,1.551714865815706501e-03
1.513047600000000159e+02,1.071561117520214435e-03
1.513108799999999974e+02,7.287480519343747520e-04
1.513170000000000073e+02,1.191638126201793879e-03
1.513231200000000172e+02,1.707244925309742145e-03
1.513292399999999986e+02,1.547964207539609394e-03
1.513353600000000085e+02,1.586191680911036572e-03
1.513414799999999900e+02,8.156330418833124263e-04
1.513475999999999999e+02,9.454724088855115394e-04
1.513537200000000098e+02,7.287480519343747520e-04
1.513598399999999913e+02,1.000295901144199195e-03
1.513659600000000012e+02,7.159027008862006713e-04
1.513720799999999826e+02,9.648428397777131238e-04
1.513781999999999925e+02,8.154787564930709998e-04
1.513843200000000024e+02,8.332052870410333600e-04
1.513904399999999839e+02,1.284380530659989805e-03
1.513965600000000222e+02,1.047000935867486993e-03
1.514026800000000037e+02,1.175042116547259097e-03
1.514088000000000136e+02,1.485485113878248775e-03
1.514149199999999951e+02,9.698783049384152033e-04
1.514210400000000050e+02,2.032245986713088204e-04
1.514271600000000149e+02,7.188314084132785275e-04
1.514332799999999963e+02,1.005022795254995049e-03
1.514394000000000062e+02,8.029419759357503406e-04
1.514455199999999877e+02,4.620813819343760898e-04
1.514516399999999976e+02,8.761596640951274662e-04
1.514577600000000075e+02,7.648687780917595713e-04
1.514638799999999890e+02,1.264033853269369567e-03
1.514699999999999989e+02,6.825563963626934960e-04
1.514761199999999803e+02,1.005022795254995049e-03
1.514822399999999902e+02,1.293166653740407401e-03
1.514883600000000001e+02,1.524380262290819799e-03
1.514944799999999816e+02,1.858561480436227153e-03
1.515006000000000199e+02,8.712784846157395346e-04
1.515067200000000014e+02,9.064229752001329299e-04
1.515128400000000113e+02,1.005022795254995049e-03
1.515189600000000212e+02,1.005022795254995049e-03
1.515250800000000027e+02,1.005022795254995049e-03
1.515312000000000126e+02,1.271689465254993712e-03
1.515373199999999940e+02,9.640208898864244258e-04
1.515434400000000039e+02,7.150807501444533809e-04
1.515495600000000138e+02,7.328072804024809983e-04
1.515556799999999953e+02,6.877461465648049277e-04
1.515618000000000052e+02,1.411291189899077647e-03
1.515679199999999867e+02,1.186756946633504839e-03
1.515740399999999966e+02,1.415350409146948207e-03
1.515801599999999780e+02,1.145755041622203985e-03
1.515862799999999879e+02,1.262081381934371249e-03
1.515923999999999978e+02,1.066679938409531569e-03
1.515985199999999793e+02,1.450494899466026055e-03
1.516046400000000176e+02,7.357359879306413220e-04
1.516107599999999991e+02,9.846761276703919208e-04
1.516168800000000090e+02,1.233616267413334411e-03
1.516230000000000189e+02,1.327489183355401448e-03
1.516291200000000003e+02,1.178947060253093815e-03
1.516352400000000102e+02,6.926273257756576651e-04
1.516413599999999917e+02,1.114669769773035668e-03
1.516474800000000016e+02,1.262081381934371249e-03
1.516536000000000115e+02,1.454554127932161656e-03
1.516597199999999930e+02,1.079525279456844400e-03
1.516658400000000029e+02,1.805022795254990209e-03
1.516719599999999843e+02,1.538356125254991547e-03
1.516780799999999942e+02,2.046153047354670740e-03
1.516842000000000041e+02,1.920372909490875024e-03
1.516903199999999856e+02,1.262081381934371249e-03
1.516964399999999955e+02,9.954147219343734143e-04
1.517025599999999770e+02,1.528748051934369911e-03
1.517086800000000153e+02,1.957624156826542894e-03
1.517147999999999968e+02,1.596262610141008231e-03
1.517209200000000067e+02,1.478960023985731453e-03
1.517270400000000166e+02,1.785806648613719183e-03
1.517331599999999980e+02,2.052473318613717845e-03
1.517392800000000079e+02,1.519139978613720521e-03
1.517453999999999894e+02,2.752588702514185970e-03
1.517515199999999993e+02,1.503520205848846159e-03
1.517576400000000092e+02,2.100308875307682621e-03
1.517637599999999907e+02,2.328748061934365898e-03
1.517698800000000006e+02,1.954695449300630772e-03
1.517759999999999820e+02,2.132524657666917678e-03
1.517821199999999919e+02,2.276031326459815318e-03
1.517882400000000018e+02,1.811188780509509488e-03
1.517943599999999833e+02,2.060128920249260087e-03
1.518004799999999932e+02,2.328748061934365898e-03
1.518066000000000031e+02,2.156108603803469359e-03
1.518127200000000130e+02,2.160835497404700600e-03
1.518188400000000229e+02,2.062081391934367236e-03
1.518249600000000044e+02,2.191098808195041103e-03
1.518310800000000143e+02,1.454862698958725442e-03
1.518371999999999957e+02,1.472589229842335978e-03
1.518433200000000056e+02,2.163764204616475118e-03
1.518494400000000155e+02,3.025112787674005821e-03
1.518555599999999970e+02,1.236185870530759345e-03
1.518616800000000069e+02,2.783006298823109681e-03
1.518677999999999884e+02,2.551329833937548974e-03
1.518739199999999983e+02,2.481195138406389056e-03
1.518800400000000081e+02,1.884560754398439952e-03
1.518861599999999896e+02,1.790687828331277709e-03
1.518922799999999995e+02,1.682171364248336021e-03
1.518983999999999810e+02,2.052473318613717845e-03
1.519045199999999909e+02,2.377714139141007266e-03
1.519106400000000008e+02,2.266268968156098795e-03
1.519167600000000107e+02,1.780103519683495783e-03
1.519228800000000206e+02,2.029043658490908841e-03
1.519290000000000020e+02,1.826962839928419902e-03
1.519351200000000119e+02,1.379846825168867808e-03
1.519412399999999934e+02,1.469506236555090384e-03
1.519473600000000033e+02,2.072819986197182995e-03
1.519534800000000132e+02,2.372678674829820089e-03
1.519595999999999947e+02,2.141310780246180601e-03
1.519657200000000046e+02,2.533911873880023702e-03
1.519718399999999860e+02,1.785806648613719183e-03
1.519779599999999959e+02,2.038806016849498137e-03
1.519840800000000058e+02,1.807592408301139653e-03
1.519901999999999873e+02,1.956802206263735799e-03
1.519963199999999972e+02,2.052473318613717845e-03
1.520024399999999787e+02,1.785806648613719183e-03
1.520085599999999886e+02,1.639371272844636351e-03
1.520146800000000269e+02,1.895299348622619950e-03
1.520208000000000084e+02,2.410906157773673453e-03
1.520269200000000183e+02,1.997649826353864455e-03
1.520330399999999997e+02,1.748709686752142334e-03
1.520391600000000096e+02,1.262389953136461296e-03
1.520452799999999911e+02,2.026936901682485637e-03
1.520514000000000010e+02,1.830713497351310615e-03
1.520575200000000109e+02,1.377740067371846511e-03
1.520636399999999924e+02,1.496686554618237297e-03
1.520697600000000023e+02,1.230019884803978947e-03
1.520758799999999837e+02,1.631561386136404224e-03
1.520819999999999936e+02,1.785806648613719183e-03
1.520881200000000035e+02,1.718446375759907774e-03
1.520942399999999850e+02,1.776198576329129919e-03
1.521003599999999949e+02,1.268247368177294332e-03
1.521064799999999764e+02,2.032794316723318673e-03
1.521125999999999863e+02,1.827784789825426248e-03
1.521187200000000246e+02,1.105215982328711100e-03
1.521248400000000061e+02,8.795512179589348722e-04
1.521309600000000160e+02,9.761985663291339321e-04
1.521370799999999974e+02,1.367823423652519965e-03
1.521432000000000073e+02,1.057226140554007321e-03
1.521493200000000172e+02,1.051368725648760272e-03
1.521554399999999987e+02,2.133192322594318346e-03
1.521615600000000086e+02,7.155435964824041761e-04
1.521676799999999901e+02,1.231150406224262861e-03
1.521738000000000000e+02,2.350812779463862245e-04
1.521799200000000098e+02,1.053321197319101454e-03
1.521860399999999913e+02,6.206944343455644830e-04
1.521921600000000012e+02,4.770334902205186633e-04
1.521982799999999827e+02,7.300328484587670363e-04
1.522043999999999926e+02,2.671427847472929162e-04
1.522105199999999741e+02,8.297631902872137921e-04
1.522166399999999840e+02,2.028654951312103272e-04
1.522227600000000223e+02,4.889025959416981593e-04
1.522288800000000037e+02,1.502389684230609479e-03
1.522350000000000136e+02,7.817733485107891678e-04
1.522411199999999951e+02,6.556846491140300159e-04
1.522472400000000050e+02,1.704624788617520315e-03
1.522533600000000149e+02,9.457809696792052190e-04
1.522594799999999964e+02,5.736808386823666339e-04
1.522656000000000063e+02,7.788446404723703420e-04
1.522717199999999877e+02,4.332571530084872169e-04
1.522778399999999976e+02,4.820689451149606786e-04
1.522839600000000075e+02,6.665775193559764222e-04
1.522900799999999890e+02,-9.796941919210100380e-05
1.522961999999999989e+02,-3.763509192761249622e-04
1.523023199999999804e+02,5.884786521308527085e-04
1.523084399999999903e+02,4.428652363291374350e-04
1.523145600000000002e+02,5.484529823784334290e-04
1.523206800000000101e+02,-1.184381263961142849e-04
1.523268000000000200e+02,-4.276930747666440880e-04
1.523329200000000014e+02,8.971234631178770513e-04
1.523390400000000113e+02,2.700714920795821428e-04
1.523451600000000212e+02,6.703281865974297649e-04
1.523512800000000027e+02,-9.421876195067624415e-05
1.523574000000000126e+02,6.792685852235191835e-04
1.523635199999999941e+02,5.511579878991756942e-06
1.523696400000000040e+02,3.483246350619861875e-04
1.523757599999999854e+02,4.332571530084872169e-04
1.523818799999999953e+02,4.399365282906908536e-04
1.523880000000000052e+02,6.577913964793957735e-04
1.523941199999999867e+02,-2.123432981077089110e-04
1.524002399999999966e+02,3.881960291706454402e-04
1.524063599999999781e+02,1.939250965871663901e-04
1.524124799999999880e+02,7.095318963291352699e-04
1.524185999999999979e+02,-7.274157341180531589e-05
1.524247200000000078e+02,1.665904930084893820e-04
1.524308400000000177e+02,1.665904930084893820e-04
1.524369599999999991e+02,1.665904930084893820e-04
1.524430800000000090e+02,1.665904930084893820e-04
1.524492000000000189e+02,1.219094485369054404e-05
1.524553200000000004e+02,1.761985663291387727e-04
1.524614400000000103e+02,3.276694071740193781e-04
1.524675599999999918e+02,-1.096842492761262999e-04
1.524736800000000017e+02,-3.763509192761249622e-04
1.524798000000000116e+02,-3.763509192761249622e-04
1.524859199999999930e+02,6.060508972584310872e-04
1.524920400000000029e+02,1.761985663291387727e-04
1.524981599999999844e+02,2.730001998006992281e-04
1.525042799999999943e+02,-1.184703723553781618e-04
1.525104000000000042e+02,-6.889006742878678313e-04
1.525165199999999857e+02,-1.000761769915092803e-04
1.525226399999999956e+02,4.553724881253828904e-05
1.525287600000000054e+02,-5.862416254558966422e-04
1.525348800000000153e+02,1.607330779774818197e-04
1.525409999999999968e+02,-3.548737308298188786e-04
1.525471200000000067e+02,7.857498230118276084e-05
1.525532400000000166e+02,-2.240581281933440305e-04
1.525593599999999981e+02,-2.035571758681464782e-04
1.525654800000000080e+02,2.113135307774127725e-05
1.525715999999999894e+02,-4.944754561719832964e-04
1.525777199999999993e+02,-8.285023992795625958e-04
1.525838400000000092e+02,-3.128955897755414384e-04
1.525899599999999907e+02,-1.361969030146126247e-04
1.525960800000000006e+02,-6.342314667301951481e-04
1.526021999999999821e+02,-3.852913279228653565e-04
1.526083199999999920e+02,-1.000761769915092803e-04
1.526144400000000019e+02,-5.697999013921373201e-04
1.526205599999999833e+02,-6.430175892761236245e-04
1.526266799999999932e+02,-1.096842492761262999e-04
1.526328000000000031e+02,-7.640708336996981931e-04
1.526389200000000130e+02,-9.192923325967439219e-04
1.526450400000000229e+02,-3.859589925967465973e-04
1.526511600000000044e+02,-6.135762289121438062e-04
1.526572800000000143e+02,-4.129597633243109467e-04
1.526633999999999958e+02,-1.190897699314213964e-03
1.526695200000000057e+02,-7.439037137146053968e-04
1.526756399999999871e+02,-2.406541379949000969e-04
1.526817599999999970e+02,-4.573784945370584776e-04
1.526878800000000069e+02,-9.192923325967439219e-04
1.526939999999999884e+02,-2.619770406472876623e-04
1.527001199999999983e+02,-4.729982676463240221e-04
1.527062399999999798e+02,-5.833129178066942533e-04
1.527123599999999897e+02,-1.516623904866676309e-04
1.527184799999999996e+02,-3.713154549648822744e-04
1.527245999999999810e+02,-3.890419852240756260e-04
1.527307199999999909e+02,-6.125999930691461426e-04
1.527368400000000008e+02,-7.103778623825385274e-04
1.527429600000000107e+02,-5.579307859109039480e-04
1.527490800000000206e+02,-9.192923325967439219e-04
1.527552000000000021e+02,-6.526256625967452596e-04
1.527613200000000120e+02,-6.526256625967452596e-04
1.527674399999999935e+02,-3.859589925967465973e-04
1.527735600000000034e+02,-1.192923325967487624e-04
1.527796800000000133e+02,-3.859589925967465973e-04
1.527857999999999947e+02,-6.526256625967452596e-04
1.527919200000000046e+02,-1.160878447231089572e-03
1.527980399999999861e+02,-7.611996436356904816e-04
1.528041599999999960e+02,-7.558626026435977252e-04
1.528102800000000059e+02,-1.096113049059044275e-03
1.528163999999999874e+02,-8.266074450567484355e-04
1.528225199999999973e+02,-1.821886879391693137e-03
1.528286399999999787e+02,-8.441221727537029373e-04
1.528347599999999886e+02,-7.446681462015547481e-04
1.528408799999999985e+02,-1.250602370740233615e-03
1.528470000000000084e+02,-1.232875840481179042e-03
1.528531200000000183e+02,-7.063761613760877189e-04
1.528592399999999998e+02,-1.239709491376084216e-03
1.528653600000000097e+02,-1.108071938315108307e-03
1.528714799999999912e+02,-7.261771831260643850e-04
1.528776000000000010e+02,-9.730428213760855538e-04
1.528837200000000109e+02,-1.134276020427010812e-03
1.528898399999999924e+02,-9.634347480554639187e-04
1.528959600000000023e+02,-1.547532351846042653e-03
1.529020799999999838e+02,-1.456588133494279846e-03
1.529081999999999937e+02,-1.194257007244958757e-03
1.529143200000000036e+02,-1.173325454200069284e-03
1.529204399999999850e+02,-2.437624023049478339e-04
1.529265599999999949e+02,-8.667873999272102115e-04
1.529326799999999764e+02,-1.046691109675784714e-03
1.529388000000000147e+02,-1.076678106140011026e-03
1.529449200000000246e+02,-1.674288726219885781e-03
1.529510400000000061e+02,-1.054070396272088761e-03
1.529571600000000160e+02,-1.515984234696704513e-03
1.529632799999999975e+02,-1.515984234696704513e-03
1.529694000000000074e+02,-1.515984234696704513e-03
1.529755200000000173e+02,-1.534687000796730594e-03
1.529816399999999987e+02,-1.239709491376084216e-03
1.529877600000000086e+02,-1.773042831376081541e-03
1.529938799999999901e+02,-1.607082738215553919e-03
1.530000000000000000e+02,-1.355222530838584571e-04
1.530061199999999815e+02,-1.213383379303961673e-03
1.530122399999999914e+02,-1.357679742451683991e-03
1.530183600000000013e+02,-1.449754482532733535e-03
1.530244799999999827e+02,-1.022008898580645253e-03
1.530305999999999926e+02,-1.512079291328821684e-03
1.530367199999999741e+02,-1.547532351847208387e-03
1.530428400000000124e+02,-1.186992755901755681e-03
1.530489600000000223e+02,-1.239709491376084216e-03
1.530550800000000038e+02,-1.506376161376082878e-03
1.530612000000000137e+02,-1.914597028483872032e-03
1.530673199999999952e+02,-1.159048005243051849e-03
1.530734400000000051e+02,-6.574745859440067619e-04
1.530795600000000150e+02,-1.989767188326302394e-03
1.530856799999999964e+02,-1.538591944165779157e-03
1.530918000000000063e+02,-2.049317574696701838e-03
1.530979199999999878e+02,-1.515984234696704513e-03
1.531040399999999977e+02,-1.063010803950797944e-03
1.531101600000000076e+02,-8.959201898491309102e-04
1.531162799999999891e+02,-1.773042831376081541e-03
1.531223999999999990e+02,-1.628559926742351172e-03
1.531285199999999804e+02,-1.197731350162239972e-03
1.531346399999999903e+02,-1.605797931834379577e-03
1.531407600000000002e+02,-1.996446553319319861e-03
1.531468800000000101e+02,-1.551128724881667420e-03
1.531530000000000200e+02,-2.066735533719388229e-03
1.531591200000000015e+02,-2.315675673459138828e-03
1.531652400000000114e+02,-1.876369545364103830e-03
1.531713599999999929e+02,-1.984731723258192915e-03
1.531774800000000027e+02,-1.442766546155410667e-03
1.531836000000000126e+02,-1.387121103537419797e-03
1.531897199999999941e+02,-1.636061242826891693e-03
1.531958400000000040e+02,-1.792258976981347951e-03
1.532019599999999855e+02,-1.726851175805288463e-03
1.532080799999999954e+02,-1.515984234696704513e-03
1.532142000000000053e+02,-1.238578970432779869e-03
1.532203199999999867e+02,-1.522972170692971083e-03
1.532264399999999966e+02,-9.730428213760855538e-04
1.532325599999999781e+02,-1.711385688220379286e-03
1.532386799999999880e+02,-1.960325827296549583e-03
1.532447999999999979e+02,-1.908585327857870162e-03
1.532509200000000078e+02,-1.782650904696703176e-03
1.532570400000000177e+02,-1.878322016866940114e-03
1.532631599999999992e+02,-1.457255798289480708e-03
1.532692800000000091e+02,-1.208315659327968694e-03
1.532754000000000190e+02,-1.239709491376084216e-03
1.532815200000000004e+02,-9.730428213760855538e-04
1.532876400000000103e+02,-1.208315659328162983e-03
1.532937599999999918e+02,-1.841379340325327574e-03
1.532998800000000017e+02,-1.239709491376084216e-03
1.533060000000000116e+02,-2.079580885228832221e-03
1.533121199999999931e+02,-1.932991223819624516e-03
1.533182400000000030e+02,-1.150717744641871487e-03
1.533243599999999844e+02,-8.489065940574525015e-04
1.533304799999999943e+02,-1.437731081355142493e-03
1.533365999999999758e+02,-4.231134820614212977e-04
1.533427199999999857e+02,-1.240840012319444075e-03
1.533488399999999956e+02,-1.468302963533424377e-03
1.533549600000000055e+02,-1.394776704382205690e-03
1.533610800000000154e+02,-1.342059969350078985e-03
1.533671999999999969e+02,-1.359786499957688077e-03
1.533733200000000068e+02,-1.101905952536480493e-03
1.533794400000000167e+02,-1.147789037114793631e-03
1.533855599999999981e+02,-1.313903415377459805e-03
1.533916800000000080e+02,-1.296176884943517349e-03
1.533977999999999895e+02,-1.525592306981349289e-03
1.534039199999999994e+02,-1.792258976981347951e-03
1.534100400000000093e+02,-1.792258976981347951e-03
1.534161599999999908e+02,-1.578463328357843087e-03
1.534222800000000007e+02,-1.169111949843287812e-03
1.534283999999999821e+02,-1.525592306981349289e-03
1.534345199999999920e+02,-1.927133808789782687e-03
1.534406400000000019e+02,-1.411526999589601816e-03
1.534467599999999834e+02,-1.239709491376084216e-03
1.534528800000000217e+02,-1.022830849325667701e-03
1.534590000000000032e+02,-6.935308103279136382e-04
1.534651200000000131e+02,-9.779240005859390905e-04
1.534712400000000230e+02,-1.239709491376084216e-03
1.534773600000000044e+02,-1.456433848327248759e-03
1.534834800000000143e+02,-1.705373987358982379e-03
1.534895999999999958e+02,-1.896870497796354638e-03
1.534957200000000057e+02,-1.653479202831820150e-03
1.535018399999999872e+02,-2.022650636127582002e-03
1.535079599999999971e+02,-1.515984234696704513e-03
1.535140800000000070e+02,-1.568700969973579884e-03
1.535201999999999884e+02,-1.766876845181786226e-03
1.535263199999999983e+02,-7.179367063733232968e-04
1.535324399999999798e+02,-1.249317564696705851e-03
1.535385599999999897e+02,-1.468970628350080299e-03
1.535446799999999996e+02,-1.792258976981347951e-03
1.535507999999999811e+02,-1.195624592963795418e-03
1.535569200000000194e+02,-1.110692075116576083e-03
1.535630400000000009e+02,-8.723362545366153409e-04
1.535691600000000108e+02,-5.226895379571716571e-04
1.535752800000000207e+02,-1.416253893492203098e-03
1.535814000000000021e+02,-2.021520114781100164e-03
1.535875200000000120e+02,-1.792258976981347951e-03
1.535936399999999935e+02,-1.792258976981347951e-03
1.535997600000000034e+02,-1.481507418985478219e-03
1.536058800000000133e+02,-2.139953221877322065e-03
1.536119999999999948e+02,-9.922589769813527916e-04
1.536181200000000047e+02,-1.666170268247169073e-03
1.536242399999999861e+02,-1.728803647668614163e-03
1.536303599999999960e+02,-1.058951575483080276e-03
1.536364800000000059e+02,-1.307891715004616540e-03
1.536425999999999874e+02,-1.792258976981347951e-03
1.536487199999999973e+02,-1.525592306981349289e-03
1.536548399999999788e+02,-1.525592306981349289e-03
1.536609600000000171e+02,-1.525592306981349289e-03
1.536670799999999986e+02,-1.327416431773947858e-03
1.536732000000000085e+02,-1.153492176427628468e-03
1.536793200000000184e+02,-1.669098975773608551e-03
1.536854399999999998e+02,-1.569522920312815817e-03
1.536915600000000097e+02,-1.160480103062688784e-03
1.536976799999999912e+02,-9.523875933591940957e-04
1.537038000000000011e+02,-1.811475133622592049e-03
1.537099200000000110e+02,-2.324307510963380397e-03
1.537160399999999925e+02,-1.310820422674441321e-03
1.537221600000000024e+02,-1.515984234696704513e-03
1.537282799999999838e+02,-1.918193400895468193e-03
1.537343999999999937e+02,-1.361430410404512736e-03
1.537405200000000036e+02,-1.405361023299550594e-03
1.537466399999999851e+02,-1.682766277564140545e-03
1.537527599999999950e+02,-1.617358476140501322e-03
1.537588799999999765e+02,-1.332965285881337891e-03
1.537650000000000148e+02,-2.270614539619214556e-03
1.537711200000000247e+02,-1.802021335403358737e-03
1.537772400000000061e+02,-1.517628145144167551e-03
1.537833600000000160e+02,-1.535200390301971751e-03
1.537894799999999975e+02,-1.801867050301969586e-03
1.537956000000000074e+02,-1.358501702877018547e-03
1.538017199999999889e+02,-1.674956390826043418e-03
1.538078399999999988e+02,-1.535200390301971751e-03
1.538139600000000087e+02,-1.707172173616128275e-03
1.538200799999999902e+02,-1.525592306981349289e-03
1.538262000000000000e+02,-1.258925646981351454e-03
1.538323199999999815e+02,-1.284307778874893557e-03
1.538384399999999914e+02,-2.315521388358859900e-03
1.538445600000000013e+02,-8.095485894043796815e-04
1.538506799999999828e+02,-1.465887645510449699e-03
1.538567999999999927e+02,-1.622239655351520593e-03
1.538629199999999742e+02,-1.106632856181816171e-03
1.538690400000000125e+02,-1.090858797605953612e-03
1.538751600000000224e+02,-1.713851549409312058e-03
1.538812800000000038e+02,-1.268533720301973089e-03
1.538874000000000137e+02,-2.025579343248484765e-03
1.538935199999999952e+02,-7.568318539268592549e-04
1.538996400000000051e+02,-1.521378803412909431e-03
1.539057600000000150e+02,-1.337024514350276805e-03
1.539118799999999965e+02,-1.049034941712240210e-03
1.539180000000000064e+02,-1.165207006488894192e-03
1.539241199999999878e+02,-1.414147145877869827e-03
1.539302399999999977e+02,-1.140646824984103969e-03
1.539363600000000076e+02,-1.460030230459791190e-03
1.539424799999999891e+02,-2.004924105463518069e-03
1.539485999999999990e+02,-1.535200390301971751e-03
1.539547199999999805e+02,-1.535200390301971751e-03
1.539608399999999904e+02,-1.535200390301971751e-03
1.539669600000000003e+02,-1.561713033140038620e-03
1.539730800000000102e+02,-1.471745060564605412e-03
1.539792000000000201e+02,-2.172836669614042204e-03
1.539853200000000015e+02,-1.771449463653040901e-03
1.539914400000000114e+02,-1.535200390301971751e-03
1.539975599999999929e+02,-1.061571722161203102e-03
1.540036800000000028e+02,-8.682770257834870886e-04
1.540098000000000127e+02,-1.584012182408639502e-03
1.540159199999999942e+02,-1.544808463622593386e-03
1.540220400000000041e+02,-1.811475133622592049e-03
1.540281599999999855e+02,-1.278141793622594724e-03
1.540342799999999954e+02,-1.976304705031906028e-03
1.540404000000000053e+02,-1.343703879815527635e-03
1.540465199999999868e+02,-1.314416804880425005e-03
1.540526399999999967e+02,-1.544808463622593386e-03
1.540587599999999782e+02,-1.065322380042837969e-03
1.540648799999999881e+02,-1.762817616318496095e-03
1.540710000000000264e+02,-2.087749875907235486e-03
1.540771200000000078e+02,-2.305604743891132014e-03
1.540832400000000177e+02,-1.541057805342777032e-03
1.540893599999999992e+02,-1.268533720301973089e-03
1.540954800000000091e+02,-1.535200390301971751e-03
1.541016000000000190e+02,-1.384551499698877253e-03
1.541077200000000005e+02,-1.657075585045186816e-03
1.541138400000000104e+02,-1.811475133622592049e-03
1.541199599999999919e+02,-1.230151951847946457e-03
1.541260800000000017e+02,-2.548687468489907459e-03
1.541321999999999832e+02,-1.766413998954663445e-03
1.541383199999999931e+02,-1.305476397099797348e-03
1.541444400000000030e+02,-2.354416535907233321e-03
1.541505599999999845e+02,-8.075961176182977486e-04
1.541566799999999944e+02,-1.702136719303776191e-03
1.541627999999999759e+02,-1.739079395475295886e-03
1.541689199999999857e+02,-1.120813537530712667e-03
1.541750400000000241e+02,-1.011475123622596062e-03
1.541811600000000055e+02,-1.923742255046323457e-03
1.541872800000000154e+02,-2.269484017960343714e-03
1.541933999999999969e+02,-2.135739708091943800e-03
1.541995200000000068e+02,-2.057486564914973171e-03
1.542056400000000167e+02,-1.544808463622593386e-03
1.542117599999999982e+02,-1.811475133622592049e-03
1.542178800000000081e+02,-1.320274219934303161e-03
1.542239999999999895e+02,-1.465733360410226283e-03
1.542301199999999994e+02,-1.544808463622593386e-03
1.542362400000000093e+02,-1.811475133622592049e-03
1.542423599999999908e+02,-1.775200121931885811e-03
1.542484800000000007e+02,-2.009496723436587917e-03
1.542545999999999822e+02,-2.087749875907235486e-03
1.542607199999999921e+02,-1.587608554538877392e-03
1.542668400000000020e+02,-2.091500534174894899e-03
1.542729599999999834e+02,-2.109227064434060495e-03
1.542790800000000218e+02,-1.515212817122579825e-03
1.542852000000000032e+02,-2.364024619227855784e-03
1.542913200000000131e+02,-1.391230865171927400e-03
1.542974399999999946e+02,-1.554416535907238162e-03
1.543035600000000045e+02,-1.672541072803762630e-03
1.543096800000000144e+02,-2.006568015910259462e-03
1.543157999999999959e+02,-2.417871865645515594e-03
1.543219200000000058e+02,-2.025116497045897912e-03
1.543280399999999872e+02,-1.820261256168520525e-03
1.543341599999999971e+02,-1.802534724975934921e-03
1.543402800000000070e+02,-2.851474864648290142e-03
1.543463999999999885e+02,-1.627634224066615287e-03
1.543525199999999984e+02,-2.439194778411951647e-03
1.543586399999999799e+02,-1.810190326065747035e-03
1.543647599999999898e+02,-1.554416535907238162e-03
1.543708799999999997e+02,-1.821083205907236824e-03
1.543769999999999811e+02,-1.887467243170515285e-03
1.543831200000000194e+02,-2.364024619227855784e-03
1.543892400000000009e+02,-1.818976449121961769e-03
1.543953600000000108e+02,-1.570036309380989925e-03
1.544014800000000207e+02,-2.021057267568515670e-03
1.544076000000000022e+02,-2.167646929597477623e-03
1.544137200000000121e+02,-1.564024609227859797e-03
1.544198399999999936e+02,-1.679374723698695560e-03
1.544259600000000034e+02,-1.945065157856695759e-03
1.544320800000000133e+02,-1.734043930857659399e-03
1.544381999999999948e+02,-2.157062620697286492e-03
1.544443200000000047e+02,-1.830691279227858459e-03
1.544504399999999862e+02,-1.859978354436575554e-03
1.544565599999999961e+02,-2.091191962984906283e-03
1.544626799999999776e+02,-1.941160214340403867e-03
1.544687999999999874e+02,-2.181159945763816443e-03
1.544749199999999973e+02,-2.286747702245239822e-03
1.544810399999999788e+02,-1.984936541704035440e-03
1.544871600000000171e+02,-1.980055362511307093e-03
1.544932799999999986e+02,-2.196934004751294189e-03
1.544994000000000085e+02,-2.301391239465933047e-03
1.545055200000000184e+02,-1.830691279227858459e-03
1.545116399999999999e+02,-1.813119034070082014e-03
1.545177600000000098e+02,-1.297512224328112307e-03
1.545238799999999912e+02,-2.060260987227169327e-03
1.545300000000000011e+02,-2.097357949227857121e-03
1.545361200000000110e+02,-1.830691279227858459e-03
1.545422399999999925e+02,-2.145039219800443098e-03
1.545483600000000024e+02,-2.253401397830728792e-03
1.545544799999999839e+02,-2.209470784935191334e-03
1.545605999999999938e+02,-2.232900445428287473e-03
1.545667200000000037e+02,-2.145193505312947835e-03
1.545728399999999851e+02,-2.127466974196162708e-03
1.545789599999999950e+02,-2.109740443938135090e-03
1.545850800000000049e+02,-2.141134275986084079e-03
1.545912000000000148e+02,-1.840299351512475479e-03
1.545973199999999963e+02,-2.561069973199825434e-03
1.546034400000000062e+02,-1.956471416725058532e-03
1.546095600000000161e+02,-2.240864617481436172e-03
1.546156799999999976e+02,-1.564024609227859797e-03
1.546218000000000075e+02,-1.830691279227858459e-03
1.546279199999999889e+02,-1.982984070408644328e-03
1.546340399999999988e+02,-2.369419177942949650e-03
1.546401600000000087e+02,-2.653812378200975930e-03
1.546462799999999902e+02,-2.649907434833093101e-03
1.546524000000000001e+02,-2.165540172039071010e-03
1.546585199999999816e+02,-2.106966021512474141e-03
1.546646399999999915e+02,-2.210601306489867746e-03
1.546707600000000014e+02,-1.966388060773788249e-03
1.546768799999999828e+02,-2.481994869987014241e-03
1.546829999999999927e+02,-2.383240764833094438e-03
1.546891200000000026e+02,-2.116574094833095776e-03
1.546952400000000125e+02,-2.383240764833094438e-03
1.547013600000000224e+02,-2.116574094833095776e-03
1.547074800000000039e+02,-1.868610190934150150e-03
1.547136000000000138e+02,-2.640299361512471465e-03
1.547197199999999953e+02,-2.300260718252011838e-03
1.547258400000000051e+02,-2.282534187994345043e-03
1.547319600000000150e+02,-2.776972379926218037e-03
1.547380799999999965e+02,-2.319939720813707362e-03
1.547442000000000064e+02,-1.948661530303430478e-03
1.547503199999999879e+02,-1.564024609227859797e-03
1.547564399999999978e+02,-1.889265429643488536e-03
1.547625600000000077e+02,-2.116574094833095776e-03
1.547686799999999891e+02,-3.183240764833089598e-03
1.547747999999999990e+02,-2.116574094833095776e-03
1.547809199999999805e+02,-2.312797499098573351e-03
1.547870399999999904e+02,-2.588404576780806154e-03
1.547931600000000003e+02,-1.981853548620238215e-03
1.547992800000000102e+02,-2.002354501303982293e-03
1.548054000000000201e+02,-1.927184341462551131e-03
1.548115200000000016e+02,-2.116574094833095776e-03
1.548176400000000115e+02,-2.415456547623789918e-03
1.548237599999999929e+02,-2.392848838153716073e-03
1.548298800000000028e+02,-2.392848838153716073e-03
1.548360000000000127e+02,-2.659515508153714736e-03
1.548421199999999942e+02,-2.727030066361213478e-03
1.548482400000000041e+02,-2.555058273046612038e-03
1.548543599999999856e+02,-2.803998412245017890e-03
1.548604799999999955e+02,-2.434826978768900307e-03
1.548666000000000054e+02,-2.116574094833095776e-03
1.548727199999999868e+02,-1.974865612389603564e-03
1.548788399999999967e+02,-2.669123580438359511e-03
1.548849599999999782e+02,-2.386837136996083908e-03
1.548910799999999881e+02,-2.422290198445670173e-03
1.548972000000000264e+02,-2.345989517733321206e-03
1.549033200000000079e+02,-1.657434678834168729e-03
1.549094400000000178e+02,-2.291320310573691232e-03
1.549155599999999993e+02,-1.978770555993575320e-03
1.549216800000000092e+02,-1.969984433414062597e-03
1.549277999999999906e+02,-2.659515508153714736e-03
1.549339200000000005e+02,-2.191589969330914878e-03
1.549400400000000104e+02,-2.440530108281990795e-03
1.549461599999999919e+02,-2.657254465273567456e-03
1.549522800000000018e+02,-2.426040856723155059e-03
1.549583999999999833e+02,-2.392848838153716073e-03
1.549645199999999932e+02,-2.126182168153717411e-03
1.549706400000000031e+02,-2.215173914886819917e-03
1.549767599999999845e+02,-2.266914414519149990e-03
1.549828799999999944e+02,-2.126182168153717411e-03
1.549889999999999759e+02,-2.488519950321621543e-03
1.549951199999999858e+02,-2.669123580438359511e-03
1.550012400000000241e+02,-2.135790240438362186e-03
1.550073600000000056e+02,-2.416124212228254464e-03
1.550134800000000155e+02,-2.665064351970225509e-03
1.550195999999999970e+02,-1.941519308739092509e-03
1.550257200000000068e+02,-2.126182168153717411e-03
1.550318400000000167e+02,-2.126182168153717411e-03
1.550379599999999982e+02,-2.012784524792754492e-03
1.550440800000000081e+02,-2.150588063641462044e-03
1.550501999999999896e+02,-1.513773724570760537e-03
1.550563199999999995e+02,-2.259926477756996066e-03
1.550624400000000094e+02,-1.981699263355313212e-03
1.550685599999999909e+02,-2.645539635189569916e-03
1.550746800000000007e+02,-1.614326016639161532e-03
1.550807999999999822e+02,-2.069251918214443098e-03
1.550869199999999921e+02,-3.001198051860831661e-03
1.550930399999999736e+02,-2.585989248755915515e-03
1.550991600000000119e+02,-2.678731653758981146e-03
1.551052800000000218e+02,-2.421005391918945593e-03
1.551114000000000033e+02,-2.126182168153717411e-03
1.551175200000000132e+02,-1.667042751877706452e-03
1.551236399999999946e+02,-1.822264250192523471e-03
1.551297600000000045e+02,-1.918089648608956033e-03
1.551358800000000144e+02,-2.664910066898229513e-03
1.551419999999999959e+02,-1.964948968972202170e-03
1.551481200000000058e+02,-2.820440136202473358e-03
1.551542399999999873e+02,-2.013093095934281873e-03
1.551603599999999972e+02,-1.667197037096779244e-03
1.551664800000000071e+02,-1.737331732246188976e-03
1.551725999999999885e+02,-1.592848828153720087e-03
1.551787199999999984e+02,-2.547094100920771487e-03
1.551848399999999799e+02,-2.312488928050748793e-03
1.551909599999999898e+02,-1.881968922438248537e-03
1.551970799999999997e+02,-1.864242391245662933e-03
1.552032000000000096e+02,-1.869123570438363524e-03
1.552093200000000195e+02,-2.885847937390662032e-03
1.552154400000000010e+02,-2.756008570387297185e-03
1.552215600000000109e+02,-2.402456910438360849e-03
1.552276800000000208e+02,-2.003844116651776197e-03
1.552338000000000022e+02,-2.304679041125967665e-03
1.552399200000000121e+02,-2.055738901684200926e-03
1.552460399999999936e+02,-2.231615638905143362e-03
1.552521600000000035e+02,-2.145398313758983821e-03
1.552582799999999850e+02,-2.145398313758983821e-03
1.552643999999999949e+02,-2.145398313758983821e-03
1.552705200000000048e+02,-1.925745249281712868e-03
1.552766399999999862e+02,-2.061442031336374603e-03
1.552827599999999961e+02,-2.310382171078012581e-03
1.552888799999999776e+02,-2.137742712643109222e-03
1.552949999999999875e+02,-1.270536714737313666e-03
1.553011199999999974e+02,-1.851397039866947702e-03
1.553072400000000073e+02,-2.697947799364247556e-03
1.553133600000000172e+02,-2.641326120624759577e-03
1.553194799999999987e+02,-1.610112502078681063e-03
1.553256000000000085e+02,-1.645565563528267328e-03
1.553317200000000184e+02,-1.815430599323403227e-03
1.553378399999999999e+02,-1.673876402746216074e-03
1.553439600000000098e+02,-2.096586522060989166e-03
1.553500799999999913e+02,-2.014428425813785672e-03
1.553562000000000012e+02,-1.838551688707668053e-03
1.553623200000000111e+02,-2.697947799364247556e-03
1.553684399999999926e+02,-2.522225348004780709e-03
1.553745600000000024e+02,-1.429508871164275607e-03
1.553806799999999839e+02,-2.697947799364247556e-03
1.553867999999999938e+02,-2.431281129364248894e-03
1.553929200000000037e+02,-2.739103990679642164e-03
1.553990399999999852e+02,-2.353182262286701576e-03
1.554051599999999951e+02,-2.185423982892370498e-03
1.554112800000000050e+02,-1.725616902184146095e-03
1.554174000000000149e+02,-1.674698353359316272e-03
1.554235199999999963e+02,-2.155006387079605457e-03
1.554296400000000062e+02,-2.421673057079604119e-03
1.554357600000000161e+02,-2.494280597742398742e-03
1.554418799999999976e+02,-3.275423555858941738e-03
1.554480000000000075e+02,-2.742090215858944413e-03
1.554541199999999890e+02,-2.523323614007116911e-03
1.554602399999999989e+02,-2.356110969802760469e-03
1.554663600000000088e+02,-2.164614459364222476e-03
1.554724799999999902e+02,-2.596020927858877503e-03
1.554786000000000001e+02,-2.861190988151296466e-03
1.554847199999999816e+02,-2.926598789328521688e-03
1.554908399999999915e+02,-2.475423545858917995e-03
1.554969600000000014e+02,-2.433689463573363021e-03
1.555030799999999829e+02,-2.431281129364248894e-03
1.555091999999999928e+02,-2.164614459364222476e-03
1.555153200000000027e+02,-2.691570010988131312e-03
1.555214400000000126e+02,-2.946123506098491385e-03
1.555275600000000225e+02,-2.574999601381189329e-03
1.555336800000000039e+02,-2.307388951393596344e-03
1.555398000000000138e+02,-2.065192689025191486e-03
1.555459199999999953e+02,-1.726406596497975787e-03
1.555520400000000052e+02,-2.666309908551073304e-03
1.555581599999999867e+02,-2.697947799364247556e-03
1.555642799999999966e+02,-2.191582974467781719e-03
1.555704000000000065e+02,-2.420580760717105928e-03
1.555765199999999879e+02,-3.018364958143560095e-03
1.555826399999999978e+02,-2.544736290390231526e-03
1.555887599999999793e+02,-2.475423545858917995e-03
1.555948799999999892e+02,-2.780009128030141996e-03
1.556009999999999991e+02,-2.778056656349864317e-03
1.556071199999999806e+02,-3.008756885858943075e-03
1.556132400000000189e+02,-2.475423545858917995e-03
1.556193600000000004e+02,-2.827998969803263707e-03
1.556254800000000103e+02,-2.696733474572859945e-03
1.556316000000000201e+02,-1.932186536024504964e-03
1.556377200000000016e+02,-2.742090215858944413e-03
1.556438400000000115e+02,-2.742090215858944413e-03
1.556499599999999930e+02,-2.540535740127108921e-03
1.556560800000000029e+02,-3.027973031464181730e-03
1.556622000000000128e+02,-2.900086136145119120e-03
1.556683199999999943e+02,-2.451698278143538134e-03
1.556744400000000041e+02,-2.751698288143533677e-03
1.556805599999999856e+02,-2.087530063543452385e-03
1.556866799999999955e+02,-1.637363311436546010e-03
1.556928000000000054e+02,-2.999694447688106003e-03
1.556989199999999869e+02,-2.751698288143533677e-03
1.557050399999999968e+02,-2.751698288143533677e-03
1.557111599999999783e+02,-2.357543067410372561e-03
1.557172800000000166e+02,-2.816984060418858959e-03
1.557233999999999980e+02,-2.873432161940470131e-03
1.557295200000000079e+02,-2.821011033320497408e-03
1.557356400000000178e+02,-2.742090215858944413e-03
1.557417599999999993e+02,-2.224235327782347893e-03
1.557478800000000092e+02,-2.451698278143538134e-03
1.557539999999999907e+02,-2.451698278143538134e-03
1.557601200000000006e+02,-2.185031618143540300e-03
1.557662400000000105e+02,-2.967446409252949557e-03
1.557723599999999919e+02,-2.084479327112032099e-03
1.557784800000000018e+02,-2.797581373154917062e-03
1.557845999999999833e+02,-2.594228711094465067e-03
1.557907199999999932e+02,-2.558107984934582246e-03
1.557968400000000031e+02,-2.303156155335939204e-03
1.558029599999999846e+02,-2.578904544929594422e-03
1.558090799999999945e+02,-2.951704606367955286e-03
1.558151999999999759e+02,-1.607100000378058891e-03
1.558213200000000143e+02,-2.633400174344269207e-03
1.558274400000000242e+02,-3.027973031464181730e-03
1.558335600000000056e+02,-2.461306361464188353e-03
1.558396800000000155e+02,-3.027973031464181730e-03
1.558457999999999970e+02,-2.034203180921123622e-03
1.558519200000000069e+02,-2.096958579481750240e-03
1.558580400000000168e+02,-2.369694467712402108e-03
1.558641599999999983e+02,-2.230092742813327700e-03
1.558702800000000082e+02,-2.212366221723383042e-03
1.558763999999999896e+02,-2.194639691464189690e-03
1.558825199999999995e+02,-2.976913161205102520e-03
1.558886399999999810e+02,-2.470914434784837743e-03
1.558947599999999909e+02,-3.109976842202488712e-03
1.559008800000000008e+02,-2.461306361464188353e-03
1.559069999999999823e+02,-2.727973021464186187e-03
1.559131199999999922e+02,-2.727973021464186187e-03
1.559192399999999736e+02,-2.727973021464186187e-03
1.559253600000000120e+02,-2.461306361464188353e-03
1.559314800000000218e+02,-2.194639691464189690e-03
1.559376000000000033e+02,-3.291710993937158047e-03
1.559437200000000132e+02,-2.476104174196191998e-03
1.559498399999999947e+02,-2.900766765519674495e-03
1.559559600000000046e+02,-2.737581104784836405e-03
1.559620800000000145e+02,-2.737581104784836405e-03
1.559681999999999960e+02,-2.328384001835048789e-03
1.559743200000000058e+02,-2.727973021464186187e-03
1.559804399999999873e+02,-2.106778465673281309e-03
1.559865599999999972e+02,-1.978891570354773810e-03
1.559926800000000071e+02,-1.961165040095830259e-03
1.559987999999999886e+02,-2.725866274681160162e-03
1.560049199999999985e+02,-2.227985995197218072e-03
1.560110399999999800e+02,-2.185031618143540300e-03
1.560171599999999899e+02,-2.385159965778038682e-03
1.560232799999999997e+02,-2.727973021464186187e-03
1.560294000000000096e+02,-2.194639691464189690e-03
1.560355200000000195e+02,-2.579430898361684266e-03
1.560416400000000010e+02,-3.304247774784829783e-03
1.560477600000000109e+02,-2.407459105046277914e-03
1.560538799999999924e+02,-1.927973021464191028e-03
1.560600000000000023e+02,-2.461306361464188353e-03
1.560661200000000122e+02,-2.461306361464188353e-03
1.560722399999999936e+02,-2.425031350205053560e-03
1.560783600000000035e+02,-2.267857379623289260e-03
1.560844799999999850e+02,-2.370362143045617875e-03
1.560905999999999949e+02,-2.470914434784837743e-03
1.560967200000000048e+02,-2.325301008753805077e-03
1.561028399999999863e+02,-2.559751895734652116e-03
1.561089599999999962e+02,-2.194639691464189690e-03
1.561150799999999776e+02,-2.272738558686676624e-03
1.561211999999999875e+02,-2.468807677008549861e-03
1.561273200000000259e+02,-2.486534208198942775e-03
1.561334400000000073e+02,-2.470914434784837743e-03
1.561395600000000172e+02,-1.731595332096519391e-03
1.561456799999999987e+02,-3.027973031464181730e-03
1.561518000000000086e+02,-2.345956246993380345e-03
1.561579200000000185e+02,-2.080265812834825034e-03
1.561640400000000000e+02,-2.194639691464189690e-03
1.561701600000000099e+02,-2.194639691464189690e-03
1.561762799999999913e+02,-2.503284502675728884e-03
1.561824000000000012e+02,-2.485557972361801538e-03
1.561885200000000111e+02,-2.467831441170242890e-03
1.561946399999999926e+02,-2.510940104162306952e-03
1.562007600000000025e+02,-2.204247764784839081e-03
1.562068799999999840e+02,-2.385827630738301952e-03
1.562129999999999939e+02,-2.438698651536369555e-03
1.562191199999999753e+02,-2.054883680939562085e-03
1.562252399999999852e+02,-1.937581094784840419e-03
1.562313600000000235e+02,-2.470914434784837743e-03
1.562374800000000050e+02,-1.937581094784840419e-03
1.562436000000000149e+02,-2.204247764784839081e-03
1.562497199999999964e+02,-1.670914424784841756e-03
1.562558400000000063e+02,-2.976758885208014016e-03
1.562619600000000162e+02,-2.002012660122537424e-03
1.562680799999999977e+02,-2.470914434784837743e-03
1.562742000000000075e+02,-2.094755064777714670e-03
1.562803199999999890e+02,-2.350683140553866401e-03
1.562864399999999989e+02,-1.937581094784840419e-03
1.562925600000000088e+02,-2.354588084191311381e-03
1.562986799999999903e+02,-2.661126138042813061e-03
1.563048000000000002e+02,-2.265750622682444204e-03
1.563109199999999817e+02,-2.745904370040963549e-03
1.563170399999999916e+02,-2.040085857952428361e-03
1.563231600000000014e+02,-2.152352979246624498e-03
1.563292799999999829e+02,-1.759751886085736405e-03
1.563354000000000212e+02,-2.204247764784839081e-03
1.563415200000000027e+02,-1.936450573344739023e-03
1.563476400000000126e+02,-2.384697109439837259e-03
1.563537600000000225e+02,-2.057658102619791540e-03
1.563598800000000040e+02,-1.813599142645616613e-03
1.563660000000000139e+02,-2.490130580390076398e-03
1.563721199999999953e+02,-2.490130580390076398e-03
1.563782400000000052e+02,-2.756797250390075060e-03
1.563843599999999867e+02,-2.539096657597217366e-03
1.563904799999999966e+02,-2.670888496283108093e-03
1.563966000000000065e+02,-2.490130580390076398e-03
1.564027199999999880e+02,-2.621100468335829659e-03
1.564088399999999979e+02,-2.213855837069428345e-03
1.564149599999999793e+02,-2.480522507069427007e-03
1.564210799999999892e+02,-2.000882138385950970e-03
1.564271999999999991e+02,-2.516488948028944295e-03
1.564333199999999806e+02,-2.498762416835220712e-03
1.564394400000000189e+02,-2.785108089704529943e-03
1.564455600000000004e+02,-2.223463910390077736e-03
1.564516800000000103e+02,-2.416758606405555732e-03
1.564578000000000202e+02,-2.600445230135334240e-03
1.564639200000000017e+02,-2.362089399451539062e-03
1.564700400000000116e+02,-2.388447767089962870e-03
1.564761599999999930e+02,-2.307420192497133815e-03
1.564822800000000029e+02,-2.823027001517347534e-03
1.564884000000000128e+02,-2.984105915575546719e-03
1.564945199999999943e+02,-2.758749722066689003e-03
1.565006400000000042e+02,-2.741023190875130355e-03
1.565067599999999857e+02,-2.499738652674665662e-03
1.565128799999999956e+02,-1.911068441347529845e-03
1.565190000000000055e+02,-2.177580825581004742e-03
1.565251199999999869e+02,-2.091517786098312515e-03
1.565312399999999968e+02,-2.223463910390077736e-03
1.565373599999999783e+02,-2.136578920442278040e-03
1.565434800000000166e+02,-1.799623269585104435e-03
1.565495999999999981e+02,-1.998621095464336861e-03
1.565557200000000080e+02,-2.232917697591596529e-03
1.565618400000000179e+02,-2.001704089041184131e-03
1.565679599999999994e+02,-2.676437340285164890e-03
1.565740800000000092e+02,-2.576861284201953373e-03
1.565801999999999907e+02,-2.138222820887492048e-03
1.565863200000000006e+02,-1.809231342634165518e-03
1.565924400000000105e+02,-1.914819098741554759e-03
1.565985599999999920e+02,-2.499738652674665662e-03
1.566046800000000019e+02,-2.499738652674665662e-03
1.566107999999999834e+02,-2.303360963305550735e-03
1.566169199999999933e+02,-3.028858479137808146e-03
1.566230400000000031e+02,-2.282038060842317417e-03
1.566291599999999846e+02,-2.223463910390077736e-03
1.566352799999999945e+02,-2.360958878270785766e-03
1.566413999999999760e+02,-2.334600510256606976e-03
1.566475200000000143e+02,-2.261228536996229277e-03
1.566536400000000242e+02,-2.785621469315963106e-03
1.566597600000000057e+02,-2.333469989311331982e-03
1.566658800000000156e+02,-2.499738652674665662e-03
1.566719999999999970e+02,-1.737811840517328177e-03
1.566781200000000069e+02,-2.776013395995313715e-03
1.566842399999999884e+02,-2.509346725995315053e-03
1.566903599999999983e+02,-1.709346715995319066e-03
1.566964800000000082e+02,-2.509346725995315053e-03
1.567025999999999897e+02,-2.509346725995315053e-03
1.567087199999999996e+02,-2.126353705682010320e-03
1.567148399999999810e+02,-2.375293844961046119e-03
1.567209599999999909e+02,-2.603887316904418547e-03
1.567270800000000008e+02,-2.311016564944590179e-03
1.567331999999999823e+02,-2.477952893947366064e-03
1.567393199999999922e+02,-2.776013395995313715e-03
1.567454400000000021e+02,-2.242680055995316390e-03
1.567515600000000120e+02,-2.509346725995315053e-03
1.567576800000000219e+02,-1.976013385995317728e-03
1.567638000000000034e+02,-2.595409765202477681e-03
1.567699200000000133e+02,-2.046148080954990345e-03
1.567760399999999947e+02,-2.945569861287800073e-03
1.567821600000000046e+02,-2.528562871600553708e-03
1.567882800000000145e+02,-1.923964315392628910e-03
1.567943999999999960e+02,-2.562885412045856626e-03
1.568005200000000059e+02,-2.762037523028976205e-03
1.568066399999999874e+02,-2.264157244482950526e-03
1.568127599999999973e+02,-2.480881601473305942e-03
1.568188800000000072e+02,-2.463155070423633797e-03
1.568249999999999886e+02,-2.528562871600553708e-03
1.568311199999999985e+02,-2.418093936340237615e-03
1.568372399999999800e+02,-3.209307823761858858e-03
1.568433599999999899e+02,-2.261896201600555045e-03
1.568494799999999998e+02,-2.231787176152771890e-03
1.568556000000000097e+02,-1.297375191479016587e-03
1.568617200000000196e+02,-2.044195609771426447e-03
1.568678400000000011e+02,-2.791016028060339105e-03
1.568739600000000110e+02,-2.891054940130921569e-03
1.568800799999999924e+02,-2.946546097362889860e-03
1.568862000000000023e+02,-2.885043239075790744e-03
1.568923200000000122e+02,-3.061896211600551032e-03
1.568984399999999937e+02,-2.660354710286888524e-03
1.569045600000000036e+02,-2.804837614921201761e-03
1.569106799999999851e+02,-2.804837614921201761e-03
1.569167999999999950e+02,-2.755049586972785347e-03
1.569229200000000048e+02,-2.284349625969295250e-03
1.569290399999999863e+02,-2.533289765709045849e-03
1.569351599999999962e+02,-2.294111984390362347e-03
1.569412799999999777e+02,-2.528562871600553708e-03
1.569473999999999876e+02,-2.374009038343199984e-03
1.569535200000000259e+02,-2.223668718655563703e-03
1.569596400000000074e+02,-2.396616747813384851e-03
1.569657600000000173e+02,-2.271504274921204436e-03
1.569718799999999987e+02,-2.804837614921201761e-03
1.569780000000000086e+02,-3.071504284921200423e-03
1.569841200000000185e+02,-2.004837604921205774e-03
1.569902400000000000e+02,-2.271504274921204436e-03
1.569963600000000099e+02,-2.291183276864200424e-03
1.570024799999999914e+02,-2.214882596077633048e-03
1.570086000000000013e+02,-2.463822735819604093e-03
1.570147199999999827e+02,-2.484477973606069590e-03
1.570208399999999926e+02,-2.270528039078067994e-03
1.570269600000000025e+02,-2.547779018241852489e-03
1.570330799999999840e+02,-2.381818925082906935e-03
1.570391999999999939e+02,-2.428832530396024536e-03
1.570453199999999754e+02,-2.824053760526440415e-03
1.570514399999999853e+02,-2.822101288846162737e-03
1.570575600000000236e+02,-2.324221010295529632e-03
1.570636800000000051e+02,-2.494086046925331202e-03
1.570698000000000150e+02,-2.281112348241853827e-03
1.570759199999999964e+02,-2.379866453396911607e-03
1.570820400000000063e+02,-2.678748906187022882e-03
1.570881600000000162e+02,-2.661022375503863113e-03
1.570942799999999977e+02,-2.471478336742438664e-03
1.571004000000000076e+02,-2.547779018241852489e-03
1.571065199999999891e+02,-2.547779018241852489e-03
1.571126399999999990e+02,-2.547779018241852489e-03
1.571187600000000089e+02,-2.547779018241852489e-03
1.571248799999999903e+02,-3.306622836926204068e-03
1.571310000000000002e+02,-3.159211225319064065e-03
1.571371199999999817e+02,-2.718620289972301096e-03
1.571432399999999916e+02,-2.557387090526441753e-03
1.571493600000000015e+02,-2.824053760526440415e-03
1.571554799999999830e+02,-2.824053760526440415e-03
1.571616000000000213e+02,-2.762550902702748390e-03
1.571677200000000028e+02,-2.212775839294300884e-03
1.571738400000000127e+02,-1.742230163392727293e-03
1.571799599999999941e+02,-2.240110442872284002e-03
1.571860800000000040e+02,-2.281112348241853827e-03
1.571922000000000139e+02,-1.546674424764249434e-03
1.571983199999999954e+02,-2.085710894064507492e-03
1.572044400000000053e+02,-2.824053760526440415e-03
1.572105599999999868e+02,-2.080984000466357120e-03
1.572166799999999967e+02,-1.819352795267487055e-03
1.572228000000000065e+02,-2.557387090526441753e-03
1.572289199999999880e+02,-2.861150722526989432e-03
1.572350399999999979e+02,-2.814137117042037062e-03
1.572411599999999794e+02,-2.582923508496010045e-03
1.572472799999999893e+02,-2.547779018241852489e-03
1.572533999999999992e+02,-2.955845599483725161e-03
1.572595200000000091e+02,-2.656963146422552935e-03
1.572656400000000190e+02,-2.557387090526441753e-03
1.572717600000000004e+02,-2.801446050598621618e-03
1.572778800000000103e+02,-3.092518616783196395e-03
1.572840000000000202e+02,-2.348472621096803215e-03
1.572901200000000017e+02,-2.290720420526443091e-03
1.572962400000000116e+02,-2.824053760526440415e-03
1.573023599999999931e+02,-2.557387090526441753e-03
1.573084800000000030e+02,-2.024053750526444428e-03
1.573146000000000129e+02,-3.504644426810865632e-03
1.573207199999999943e+02,-3.196975851854827466e-03
1.573268400000000042e+02,-2.719287954647126027e-03
1.573329599999999857e+02,-2.468395343696416777e-03
1.573390799999999956e+02,-2.573983100144894287e-03
1.573451999999999771e+02,-3.306314265763804494e-03
1.573513199999999870e+02,-2.876616210739479929e-03
1.573574399999999969e+02,-2.812030359242573274e-03
1.573635600000000068e+02,-2.580816750692133121e-03
1.573696800000000167e+02,-2.794612400162599375e-03
1.573757999999999981e+02,-2.833661833847089806e-03
1.573819200000000080e+02,-2.651105731369562957e-03
1.573880400000000179e+02,-2.179275249424683647e-03
1.573941599999999994e+02,-2.705774938529192930e-03
1.574002800000000093e+02,-2.657939382265245287e-03
1.574063999999999908e+02,-2.493777475688824241e-03
1.574125200000000007e+02,-1.849153249513540986e-03
1.574186400000000106e+02,-1.972839604199388974e-03
1.574247599999999920e+02,-2.041625995651302761e-03
1.574308800000000019e+02,-2.771028453950025172e-03
1.574369999999999834e+02,-2.684297749765557350e-03
1.574431199999999933e+02,-2.209538560529133999e-03
1.574492400000000032e+02,-2.458478699678301460e-03
1.574553599999999847e+02,-2.581638700933447383e-03
1.574614799999999946e+02,-3.031015758667793270e-03
1.574676000000000045e+02,-3.033790180731910091e-03
1.574737200000000144e+02,-2.033661823847093819e-03
1.574798399999999958e+02,-2.300328493847092481e-03
1.574859600000000057e+02,-2.566995163847091144e-03
1.574920800000000156e+02,-2.590579109157942206e-03
1.574981999999999971e+02,-2.024053750526444428e-03
1.575043200000000070e+02,-2.479133938056182762e-03
1.575104399999999885e+02,-3.175954525536817119e-03
1.575165599999999984e+02,-3.002794693093613354e-03
1.575226800000000082e+02,-2.503539833711820872e-03
1.575287999999999897e+02,-2.576603236131680408e-03
1.575349199999999996e+02,-1.906455567060566514e-03
1.575410399999999811e+02,-2.339532212540212930e-03
1.575471599999999910e+02,-3.104079161088568739e-03
1.575532800000000009e+02,-2.084580372624433853e-03
1.575593999999999824e+02,-2.707418839396069643e-03
1.575655199999999923e+02,-3.154078992626402345e-03
1.575716400000000021e+02,-3.051419943487981845e-03
1.575777600000000120e+02,-3.003250554878655887e-03
1.575838800000000219e+02,-2.300328493847092481e-03
1.575900000000000034e+02,-2.638594212607786593e-03
1.575961200000000133e+02,-3.802453876011524514e-03
1.576022399999999948e+02,-2.576603236131680408e-03
1.576083600000000047e+02,-2.576603236131680408e-03
1.576144800000000146e+02,-2.309936566131681746e-03
1.576205999999999960e+02,-2.088331030801499066e-03
1.576267200000000059e+02,-1.613154215038131722e-03
1.576328399999999874e+02,-2.887412322626403682e-03
1.576389599999999973e+02,-2.024091986494586104e-03
1.576450800000000072e+02,-2.272229457449898016e-03
1.576511999999999887e+02,-2.440264051554591473e-03
1.576573199999999986e+02,-2.091259738315726091e-03
1.576634399999999800e+02,-2.610649461153857764e-03
1.576695599999999899e+02,-2.890341030141352352e-03
1.576756799999999998e+02,-3.139281168949792367e-03
1.576818000000000097e+02,-2.419885127704912708e-03
1.576879200000000196e+02,-2.728985800809546891e-03
1.576940400000000011e+02,-2.236057192763346579e-03
1.577001600000000110e+02,-2.167406133715854555e-03
1.577062799999999925e+02,-2.545119630934233879e-03
1.577124000000000024e+02,-2.134040548067789311e-03
1.577185200000000123e+02,-2.162280895876222964e-03
1.577246399999999937e+02,-2.320745652626382549e-03
1.577307600000000036e+02,-2.326603067657417867e-03
1.577368799999999851e+02,-2.575543206464692148e-03
1.577429999999999950e+02,-2.680328294220601926e-03
1.577491200000000049e+02,-2.235080957409013580e-03
1.577552399999999864e+02,-2.620745652626405020e-03
1.577613599999999963e+02,-2.320745652626382549e-03
1.577674799999999777e+02,-2.620745652626405020e-03
1.577736000000000161e+02,-1.951940307558575061e-03
1.577797200000000259e+02,-2.081323812147012342e-03
1.577858400000000074e+02,-2.620745652626405020e-03
1.577919600000000173e+02,-2.338317897751324148e-03
1.577980799999999988e+02,-2.836198176301513163e-03
1.578042000000000087e+02,-2.712511821613139418e-03
1.578103199999999902e+02,-1.558973125379642388e-03
1.578164400000000001e+02,-2.207624324325946352e-03
1.578225600000000099e+02,-1.935800160072692622e-03
1.578286799999999914e+02,-2.597020394910998231e-03
1.578348000000000013e+02,-2.597020394910998231e-03
1.578409199999999828e+02,-2.597020394910998231e-03
1.578470399999999927e+02,-2.141785922279926258e-03
1.578531600000000026e+02,-2.567912867402877275e-03
1.578592799999999841e+02,-2.074368131672138515e-03
1.578653999999999940e+02,-2.205729370059722472e-03
1.578715199999999754e+02,-2.667309375544463235e-03
1.578776400000000137e+02,-2.330353724910999569e-03
1.578837600000000236e+02,-2.748336950440827264e-03
1.578898800000000051e+02,-2.749313186282159593e-03
1.578960000000000150e+02,-2.597020394910998231e-03
1.579021199999999965e+02,-2.063687054911000907e-03
1.579082400000000064e+02,-2.330353724910999569e-03
1.579143600000000163e+02,-1.797020384911002244e-03
1.579204799999999977e+02,-1.797020384911002244e-03
1.579266000000000076e+02,-2.330353724910999569e-03
1.579327199999999891e+02,-2.063687054911000907e-03
1.579388399999999990e+02,-2.245266921545779892e-03
1.579449600000000089e+02,-1.919049865175881386e-03
1.579510799999999904e+02,-1.923931044386373301e-03
1.579572000000000003e+02,-2.439537854127732386e-03
1.579633199999999817e+02,-2.205086966919733715e-03
1.579694399999999916e+02,-1.752113536341776134e-03
1.579755599999999731e+02,-2.320745652626382549e-03
1.579816800000000114e+02,-1.520745642626386562e-03
1.579878000000000213e+02,-1.999101204371689366e-03
1.579939200000000028e+02,-1.861451950491227469e-03
1.580000400000000127e+02,-2.514862299073217233e-03
1.580061599999999942e+02,-1.806628458231623879e-03
1.580122800000000041e+02,-2.599640531749630723e-03
1.580184000000000140e+02,-2.318330323951789396e-03
1.580245199999999954e+02,-1.797020384911002244e-03
1.580306400000000053e+02,-2.159358167438035769e-03
1.580367599999999868e+02,-2.082903201552271932e-03
1.580428799999999967e+02,-2.616236541552269257e-03
1.580490000000000066e+02,-2.349569871552270595e-03
1.580551199999999881e+02,-2.297675086013195589e-03
1.580612399999999980e+02,-1.263532759477631329e-03
1.580673599999999794e+02,-2.117225741124773020e-03
1.580734799999999893e+02,-2.482337945582696603e-03
1.580795999999999992e+02,-3.053744483282466726e-03
1.580857200000000091e+02,-2.161002068629486184e-03
1.580918400000000190e+02,-2.257649416446044777e-03
1.580979600000000005e+02,-2.120154448565114702e-03
1.581040800000000104e+02,-2.351368057113473187e-03
1.581102000000000203e+02,-1.847476078381815601e-03
1.581163200000000018e+02,-2.349569871552270595e-03
1.581224400000000117e+02,-2.730301849267313674e-03
1.581285599999999931e+02,-2.205754631523559883e-03
1.581346800000000030e+02,-1.690147822290960500e-03
1.581407999999999845e+02,-2.191265379620915832e-03
1.581469199999999944e+02,-2.011483699244420720e-03
1.581530400000000043e+02,-1.336596162668401977e-03
1.581591599999999858e+02,-2.359177943836887614e-03
1.581652799999999957e+02,-1.825844603836890290e-03
1.581713999999999771e+02,-2.111214040869058284e-03
1.581775199999999870e+02,-2.303532501043953351e-03
1.581836399999999969e+02,-2.625844613836886277e-03
1.581897600000000068e+02,-2.691098130158914303e-03
1.581958800000000167e+02,-2.495850962252355032e-03
1.582019999999999982e+02,-2.038818303138123511e-03
1.582081200000000081e+02,-2.719408969580117130e-03
1.582142400000000180e+02,-2.588439081633642225e-03
1.582203599999999994e+02,-2.072832271893781941e-03
1.582264800000000093e+02,-2.623892142159134355e-03
1.582325999999999908e+02,-1.841618663352861951e-03
1.582387200000000007e+02,-2.263352546406138810e-03
1.582448400000000106e+02,-2.565009421424957470e-03
1.582509599999999921e+02,-3.009505299791243038e-03
1.582570800000000020e+02,-2.227231820049746513e-03
1.582631999999999834e+02,-2.473397537364391274e-03
1.582693199999999933e+02,-2.455671007105697523e-03
1.582754400000000032e+02,-2.704611146624347207e-03
1.582815599999999847e+02,-2.558021484514533261e-03
1.582876799999999946e+02,-1.825844603836890290e-03
1.582938000000000045e+02,-2.359177943836887614e-03
1.582999200000000144e+02,-2.278818034583213192e-03
1.583060399999999959e+02,-2.246756536893129708e-03
1.583121600000000058e+02,-2.607963797835316511e-03
1.583182800000000157e+02,-1.954553449398321874e-03
1.583243999999999971e+02,-2.060141205945997811e-03
1.583305200000000070e+02,-2.734874457616581767e-03
1.583366399999999885e+02,-2.654668832762774322e-03
1.583427599999999984e+02,-2.317713182263092531e-03
1.583488800000000083e+02,-1.835452677157511925e-03
1.583549999999999898e+02,-1.835452677157511925e-03
1.583611199999999997e+02,-2.331534770056598038e-03
1.583672399999999811e+02,-1.642979931159721518e-03
1.583733599999999910e+02,-2.184945107981117740e-03
1.583794800000000009e+02,-2.240590551154775234e-03
1.583855999999999824e+02,-2.378394090478158640e-03
1.583917200000000207e+02,-2.204469825133448246e-03
1.583978400000000022e+02,-2.921335502762772984e-03
1.584039600000000121e+02,-2.654668832762774322e-03
1.584100800000000220e+02,-2.388002162762775660e-03
1.584162000000000035e+02,-2.388002162762775660e-03
1.584223200000000134e+02,-2.887012963188911874e-03
1.584284399999999948e+02,-2.254257853161245606e-03
1.584345600000000047e+02,-2.467077266344930297e-03
1.584406799999999862e+02,-3.047269926397339068e-03
1.584467999999999961e+02,-2.121335492762776997e-03
1.584529200000000060e+02,-2.388002162762775660e-03
1.584590399999999875e+02,-2.989672011711158595e-03
1.584651599999999974e+02,-2.397610236083397295e-03
1.584712799999999788e+02,-2.930943576083394619e-03
1.584773999999999887e+02,-2.397610236083397295e-03
1.584835199999999986e+02,-2.162337398132513355e-03
1.584896399999999801e+02,-2.595940397133844613e-03
1.584957600000000184e+02,-2.397610236083397295e-03
1.585018799999999999e+02,-3.044341218870288968e-03
1.585080000000000098e+02,-2.639871009558397708e-03
1.585141200000000197e+02,-2.841951828682909298e-03
1.585202400000000011e+02,-2.202208782290770994e-03
1.585263600000000110e+02,-2.629954365636150149e-03
1.585324799999999925e+02,-1.880872905336977707e-03
1.585386000000000024e+02,-2.663146384145415047e-03
1.585447200000000123e+02,-2.169016763783143675e-03
1.585508399999999938e+02,-2.875143847189925994e-03
1.585569600000000037e+02,-2.857417316687121955e-03
1.585630799999999851e+02,-2.371097582796355407e-03
1.585691999999999950e+02,-2.397610236083397295e-03
1.585753200000000049e+02,-2.029415038502624391e-03
1.585814399999999864e+02,-1.928862746762988190e-03
1.585875599999999963e+02,-2.177802886329238685e-03
1.585936799999999778e+02,-2.101502204757771386e-03
1.585998000000000161e+02,-2.136955266205026183e-03
1.586059199999999976e+02,-2.070262657866611677e-03
1.586120400000000075e+02,-2.407218308368014315e-03
1.586181600000000174e+02,-2.487423933221460937e-03
1.586242799999999988e+02,-1.864276896083399970e-03
1.586304000000000087e+02,-2.262735404276128293e-03
1.586365199999999902e+02,-2.036094403653071483e-03
1.586426400000000001e+02,-1.941399527321502338e-03
1.586487600000000100e+02,-2.407218308368014315e-03
1.586548799999999915e+02,-2.185458487103525416e-03
1.586610000000000014e+02,-2.950005436589547836e-03
1.586671199999999828e+02,-3.271649883949401261e-03
1.586732399999999927e+02,-2.140551638368015652e-03
1.586793600000000026e+02,-2.407218308368014315e-03
1.586854799999999841e+02,-2.302606788159494711e-03
1.586915999999999940e+02,-2.551546927901493511e-03
1.586977199999999755e+02,-2.478329239743254364e-03
1.587038400000000138e+02,-1.953936307423187468e-03
1.587099600000000237e+02,-2.202876447164131557e-03
1.587160800000000052e+02,-2.718483256808817972e-03
1.587222000000000151e+02,-2.700756725617287080e-03
1.587283199999999965e+02,-2.495079534049482461e-03
1.587344400000000064e+02,-2.046524427324447615e-03
1.587405600000000163e+02,-2.885419585186843605e-03
1.587466799999999978e+02,-2.474424295956872966e-03
1.587528000000000077e+02,-2.278200892107368203e-03
1.587589199999999892e+02,-2.747770331753163209e-03
1.587650399999999991e+02,-3.079690517763550295e-03
1.587711599999999805e+02,-2.904122352008819963e-03
1.587772799999999904e+02,-2.445137221110310621e-03
1.587834000000000003e+02,-2.428386926689563019e-03
1.587895199999999818e+02,-2.926267205235588698e-03
1.587956399999999917e+02,-2.311238625437500582e-03
1.588017599999999732e+02,-2.540654047803458937e-03
1.588078800000000115e+02,-2.534796633077929240e-03
1.588140000000000214e+02,-2.707590377014901240e-03
1.588201200000000028e+02,-3.172587207981192314e-03
1.588262400000000127e+02,-1.883493041688638625e-03
1.588323599999999942e+02,-2.150159711688637287e-03
1.588384800000000041e+02,-1.914732588637363397e-03
1.588446000000000140e+02,-2.163672728363680298e-03
1.588507199999999955e+02,-2.679279537170980996e-03
1.588568400000000054e+02,-2.210532048609326061e-03
1.588629599999999868e+02,-2.289452866164914946e-03
1.588690799999999967e+02,-2.808142668243418516e-03
1.588752000000000066e+02,-2.292535859039740442e-03
1.588813199999999881e+02,-2.542606519785550745e-03
1.588874399999999980e+02,-2.436042527293902360e-03
1.588935599999999795e+02,-2.436042527293902360e-03
1.588996799999999894e+02,-2.866871104001161852e-03
1.589058000000000277e+02,-1.894385921030694586e-03
1.589119200000000092e+02,-2.641206339319634999e-03
1.589180400000000191e+02,-2.702709197293901022e-03
1.589241600000000005e+02,-2.436042527293902360e-03
1.589302800000000104e+02,-2.169375857293903698e-03
1.589363999999999919e+02,-2.436042527293902360e-03
1.589425200000000018e+02,-2.436042527293902360e-03
1.589486400000000117e+02,-2.527808696453831550e-03
1.589547599999999932e+02,-2.712317270614522657e-03
1.589608800000000031e+02,-2.445650600614523995e-03
1.589669999999999845e+02,-2.978983940614521320e-03
1.589731199999999944e+02,-2.712317270614522657e-03
1.589792400000000043e+02,-2.712317270614522657e-03
1.589853599999999858e+02,-2.712317270614522657e-03
1.589914799999999957e+02,-2.712317270614522657e-03
1.589975999999999772e+02,-2.445650600614523995e-03
1.590037199999999871e+02,-2.056954450349646191e-03
1.590098400000000254e+02,-1.997404063981300659e-03
1.590159600000000069e+02,-2.588791180778093892e-03
1.590220800000000168e+02,-2.987705551287911376e-03
1.590281999999999982e+02,-2.736202793089614893e-03
1.590343200000000081e+02,-3.016260449599184046e-03
1.590404400000000180e+02,-1.733890878458793638e-03
1.590465599999999995e+02,-3.116633194354456737e-03
1.590526800000000094e+02,-2.542297948984306721e-03
1.590587999999999909e+02,-2.331276721985159339e-03
1.590649200000000008e+02,-2.330300486143715988e-03
1.590710400000000107e+02,-2.445650600614523995e-03
1.590771599999999921e+02,-1.949272911247745821e-03
1.590832800000000020e+02,-2.412304296881495613e-03
1.590893999999999835e+02,-2.194603704088332607e-03
1.590955199999999934e+02,-2.976877183829246265e-03
1.591016399999999749e+02,-2.484700034301290383e-03
1.591077599999999848e+02,-2.388874636670451634e-03
1.591138800000000231e+02,-2.539369241457256621e-03
1.591200000000000045e+02,-2.600872099512235858e-03
1.591261200000000144e+02,-2.599131430808809817e-03
1.591322399999999959e+02,-2.919613101471346672e-03
1.591383600000000058e+02,-2.455258673935173386e-03
1.591444800000000157e+02,-2.109375589354423042e-03
1.591505999999999972e+02,-1.630865741615389330e-03
1.591567200000000071e+02,-2.146472551356304326e-03
1.591628399999999885e+02,-2.725431942566886034e-03
1.591689599999999984e+02,-2.978887172976257824e-03
1.591750800000000083e+02,-2.742342502714517627e-03
1.591811999999999898e+02,-2.139606644509128852e-03
1.591873199999999997e+02,-1.899908489611606965e-03
1.591934399999999812e+02,-3.205528173450544749e-03
1.591995599999999911e+02,-2.304256668777426853e-03
1.592056800000000010e+02,-2.031520780807594129e-03
1.592117999999999824e+02,-2.996703477155582274e-03
1.592179200000000208e+02,-1.901039010903798898e-03
1.592240400000000022e+02,-2.671809463215601976e-03
1.592301600000000121e+02,-2.742342502714517627e-03
1.592362800000000220e+02,-2.553928985184000799e-03
1.592424000000000035e+02,-2.627146673344571415e-03
1.592485200000000134e+02,-2.908598192343042621e-03
1.592546399999999949e+02,-2.572477466184941441e-03
1.592607600000000048e+02,-2.663267399502455834e-03
1.592668799999999862e+02,-2.466067759393869574e-03
1.592729999999999961e+02,-2.171944456403285262e-03
1.592791200000000060e+02,-2.158553469894880505e-03
1.592852399999999875e+02,-2.411366296699662959e-03
1.592913599999999974e+02,-2.475675832714518965e-03
1.592974799999999789e+02,-2.933684727052243701e-03
1.593035999999999888e+02,-2.915958196475026964e-03
1.593097199999999987e+02,-2.891552300422955968e-03
1.593158399999999801e+02,-2.266607076775173368e-03
1.593219600000000185e+02,-2.466067759393869574e-03
1.593280799999999999e+02,-2.575406173507682750e-03
1.593342000000000098e+02,-2.724615971521932023e-03
1.593403200000000197e+02,-2.209009162714492547e-03
1.593464400000000012e+02,-2.475675832714518965e-03
1.593525600000000111e+02,-2.742342502714517627e-03
1.593586799999999926e+02,-2.475675832714518965e-03
1.593648000000000025e+02,-2.375945491091463468e-03
1.593709200000000124e+02,-2.345682180098757064e-03
1.593770399999999938e+02,-2.321276284137058221e-03
1.593831600000000037e+02,-2.582085538788470025e-03
1.593892799999999852e+02,-2.199401089393870912e-03
1.593953999999999951e+02,-1.962997730499571603e-03
1.594015200000000050e+02,-2.214866577757629296e-03
1.594076399999999865e+02,-2.979413526303681392e-03
1.594137599999999964e+02,-2.537024404632604035e-03
1.594198800000000062e+02,-2.218617234999109566e-03
1.594260000000000161e+02,-2.218617234999109566e-03
1.594321199999999976e+02,-2.218617234999109566e-03
1.594382400000000075e+02,-2.370088076060455906e-03
1.594443600000000174e+02,-2.118064943967601366e-03
1.594504799999999989e+02,-2.434365356108275646e-03
1.594566000000000088e+02,-2.218617234999109566e-03
1.594627199999999903e+02,-2.769522820136011143e-03
1.594688400000000001e+02,-2.716343228425260881e-03
1.594749600000000100e+02,-2.404256330770376815e-03
1.594810799999999915e+02,-2.409137509598507920e-03
1.594872000000000014e+02,-2.218617234999109566e-03
1.594933199999999829e+02,-2.218617234999109566e-03
1.594994399999999928e+02,-2.336741771895634034e-03
1.595055600000000027e+02,-2.228225308319731202e-03
1.595116799999999841e+02,-2.558347307818897853e-03
1.595177999999999940e+02,-2.504500050604346884e-03
1.595239200000000039e+02,-2.495713928057280429e-03
1.595300400000000138e+02,-2.513440459249838277e-03
1.595361600000000237e+02,-2.264500319577533727e-03
1.595422800000000052e+02,-2.358064674560705898e-03
1.595484000000000151e+02,-2.595444269680724503e-03
1.595545199999999966e+02,-2.761558648319728526e-03
1.595606400000000065e+02,-2.082611882289364669e-03
1.595667599999999879e+02,-2.583729439269571992e-03
1.595728799999999978e+02,-2.285001272263276206e-03
1.595790000000000077e+02,-2.533941411857920656e-03
1.595851199999999892e+02,-3.037833390604344208e-03
1.595912399999999991e+02,-2.504500050604346884e-03
1.595973599999999806e+02,-2.304525988945371751e-03
1.596034799999999905e+02,-2.569907852288971783e-03
1.596096000000000004e+02,-3.492759293033470547e-03
1.596157199999999818e+02,-2.754416426189565392e-03
1.596218399999999917e+02,-2.628482002553694796e-03
1.596279600000000016e+02,-2.780774793924994936e-03
1.596340800000000115e+02,-3.047441463924993599e-03
1.596402000000000214e+02,-2.696818511657039785e-03
1.596463200000000029e+02,-2.257512383528476052e-03
1.596524400000000128e+02,-3.555392672076801430e-03
1.596585599999999943e+02,-2.750357197718850122e-03
1.596646800000000042e+02,-2.848135067031104528e-03
1.596708000000000141e+02,-2.962354660560523323e-03
1.596769199999999955e+02,-3.169470944190511119e-03
1.596830400000000054e+02,-2.514108123924996274e-03
1.596891599999999869e+02,-2.414532068028885092e-03
1.596952799999999968e+02,-2.648982955239215231e-03
1.597014000000000067e+02,-2.745476018507025939e-03
1.597075199999999882e+02,-2.496535878767192074e-03
1.597136399999999981e+02,-2.514262409025219691e-03
1.597197599999999795e+02,-2.743677831923280186e-03
1.597258799999999894e+02,-2.514108123924996274e-03
1.597319999999999993e+02,-2.431950028086077298e-03
1.597381200000000092e+02,-2.790382867245616572e-03
1.597442400000000191e+02,-2.790382867245616572e-03
1.597503600000000006e+02,-1.990382857245620585e-03
1.597564800000000105e+02,-2.865553026807077242e-03
1.597625999999999920e+02,-3.381159835793762225e-03
1.597687200000000018e+02,-3.055764730165971832e-03
1.597748400000000117e+02,-3.340157930423998112e-03
1.597809599999999932e+02,-3.091217791592132391e-03
1.597870800000000031e+02,-2.523716197245617909e-03
1.597931999999999846e+02,-2.602945585559013342e-03
1.597993199999999945e+02,-2.514108123924996274e-03
1.598054400000000044e+02,-2.779644272484893541e-03
1.598115599999999858e+02,-2.855790668028324042e-03
1.598176799999999957e+02,-2.748404725739894694e-03
1.598237999999999772e+02,-2.657306221673538804e-03
1.598299199999999871e+02,-2.537537784134680230e-03
1.598360400000000254e+02,-2.786477923878871721e-03
1.598421600000000069e+02,-2.812014340872553975e-03
1.598482800000000168e+02,-2.416175968697142906e-03
1.598543999999999983e+02,-2.876291621030452328e-03
1.598605200000000082e+02,-2.627351481610973316e-03
1.598666400000000181e+02,-2.790228581639991878e-03
1.598727599999999995e+02,-3.135816069220115354e-03
1.598788800000000094e+02,-3.147685184426540772e-03
1.598849999999999909e+02,-2.968879740419622104e-03
1.598911200000000008e+02,-2.230691159508940702e-03
1.598972399999999823e+02,-2.515084359768104960e-03
1.599033599999999922e+02,-2.991333164691661883e-03
1.599094800000000021e+02,-2.588969712530697631e-03
1.599155999999999835e+02,-2.726618966269772626e-03
1.599217199999999934e+02,-3.011012167152105068e-03
1.599278399999999749e+02,-2.395675016305942595e-03
1.599339599999999848e+02,-3.177948495531601747e-03
1.599400800000000231e+02,-2.809599012850855226e-03
1.599462000000000046e+02,-3.076265682850853889e-03
1.599523200000000145e+02,-2.751024862433171236e-03
1.599584399999999960e+02,-2.527621140606173267e-03
1.599645600000000059e+02,-2.758834749154503996e-03
1.599706800000000158e+02,-3.033157020697896389e-03
1.599767999999999972e+02,-2.622983681904889064e-03
1.599829200000000071e+02,-2.640710212163221993e-03
1.599890399999999886e+02,-2.674878466637442553e-03
1.599951599999999985e+02,-2.581159826223228260e-03
